,ACC,ADANIENT,ADANIPORTS,AMARAJABAT,AMBUJACEM,APOLLOHOSP,APOLLOTYRE,ASHOKLEY,ASIANPAINT,AUROPHARMA,AXISBANK,BAJAJ-AUTO,BAJFINANCE,BANKBARODA,BATAINDIA,BEL,BHARATFORG,BHARTIARTL,BHEL,BIOCON,BOSCHLTD,BPCL,BRITANNIA,ZYDUSLIFE,CANBK,CIPLA,COALINDIA,COLPAL,CONCOR,DABUR,DIVISLAB,DLF,DRREDDY,EICHERMOT,EXIDEIND,FEDERALBNK,GAIL,GLENMARK,GMRINFRA,GODREJCP,GRASIM,HAVELLS,HCLTECH,HDFC,HDFCBANK,HEROMOTOCO,HINDALCO,HINDPETRO,HINDUNILVR,IBULHSGFIN,ICICIBANK,IDEA,IGL,INDUSINDBK,INFY,IOC,ITC,JINDALSTEL,JSWSTEEL,JUBLFOOD,KOTAKBANK,L&TFH,LICHSGFIN,LT,LUPIN,M&M,M&MFIN,MARICO,MARUTI,MINDTREE,MOTHERSUMI,MRF,NMDC,NTPC,ONGC,PAGEIND,PETRONET,PFC,PIDILITIND,PNB,POWERGRID,RECLTD,RELIANCE,SAIL,SBIN,SIEMENS,SRF,SRTRANSFIN,SUNPHARMA,SUNTV,TATACHEM,TATAMOTORS,TATAPOWER,TATASTEEL,TCS,TECHM,TITAN,TORNTPHARM,TVSMOTOR,UBL,ULTRACEMCO,UPL,VEDL,VOLTAS,WIPRO,ZEEL,AARTIIND,ABB,ABBOTINDIA,ABCAPITAL,ABFRL,ALKEM,APLLTD,ASTRAL,ATUL,AUBANK,BAJAJFINSV,BALKRISIND,BALRAMCHIN,BANDHANBNK,BERGEPAINT,BSOFT,CANFINHOME,CHAMBLFERT,CHOLAFIN,COFORGE,COROMANDEL,CROMPTON,CUB,CUMMINSIND,DALBHARAT,DEEPAKNTR,DELTACORP,DIXON,ESCORTS,FSL,GNFC,GODREJPROP,GRANULES,GSPL,GUJGASLTD,HAL,HDFCAMC,HDFCLIFE,HINDCOPPER,HONAUT,ICICIGI,ICICIPRULI,IDFC,IDFCFIRSTB,IEX,INDHOTEL,INDIACEM,INDIAMART,INDIGO,INDUSTOWER,INTELLECT,IPCALAB,IRCTC,JKCEMENT,LALPATHLAB,LAURUSLABS,LTI,LTTS,MANAPPURAM,MCDOWELL-N,MCX,METROPOLIS,MFSL,MGL,MPHASIS,MUTHOOTFIN,NAM-INDIA,NATIONALUM,NAUKRI,NAVINFLUOR,NBCC,NESTLEIND,OBEROIRLTY,OFSS,PEL,PERSISTENT,PFIZER,PIIND,POLYCAB,PVR,RAIN,RAMCOCEM,RBLBANK,SBICARD,SBILIFE,SHREECEM,STAR,SYNGENE,TATACOMM,TATACONSUM,TORNTPOWER,TRENT,WHIRLPOOL
11-Mar-22,2041.9,1734.1,729.45,575.25,293.45,4854.1,184.25,105.9,2932,642.25,690.85,3423,6628,104.4,1807.8,214.8,632.35,694.85,51.9,331.95,14213.9,362,3199.9,370.65,217.95,1043.95,181.75,1498.5,596.4,547.55,4339.4,353.75,3975.6,2290.75,153.65,95.3,152.4,453.3,39.35,709.45,1566.25,1092.6,1193.45,2230,1396.8,2331.2,589.1,294.3,2094.4,150.95,677.9,10.4,378.15,901.75,1822,123.7,236.35,479.25,669.75,2864.6,1763,66.9,355.2,1728.65,747.9,734.8,145.15,507.55,7102.55,4088,131.55,67898.3,157.3,131.95,175.7,41488.85,209.6,112.45,2338.15,36.25,212.45,125.7,2399.15,99.65,470.35,2360.1,2250.75,1090.95,902,455,927.25,418.15,233.15,1301.7,3599.15,1486.8,2493.6,2823.25,581.6,1429.1,6021,725.45,378.2,1202.85,586.2,242.45,845.2,2119.95,17268.65,103.45,279.35,3381,733.8,1955.7,9537.3,1193.05,15569,1970.25,487.35,262.9,679.25,453.25,586.9,423,671.45,4298.3,778.15,403.7,123.1,995.65,1429.85,2050.65,282,4153.95,1818.2,124.15,708.85,1492.8,308.2,267.55,510.7,1385.1,2167.8,518.8,123.7,39919.5,1256,463.05,56.6,42.4,225.15,203,204.9,4477.4,1820.8,214.2,737.85,1018.85,757.75,2296.1,2637.55,578,6224.2,4938.9,116.85,851.85,1388.65,1895.9,787.6,750,3285.9,1382,311.95,121.9,4615,3856.4,39.55,17327.45,916.45,3468.55,2026.65,4358.65,4473.5,2580.7,2344.8,1686.9,180.85,737.15,133.85,806.3,1058.5,22394.6,328.6,578.8,1146.65,716.45,480.85,1168.8,1573.9
14-Mar-22,2058.05,1736.1,730.55,575.5,291.2,4923.5,183.9,107.3,2962.8,631.3,710.05,3452.55,6665.45,106.9,1844.3,209.8,649.45,700.4,51.05,328.7,14022.95,359.65,3185.85,365.35,221.15,1048.65,180.35,1518.9,599.05,540.6,4393.8,343.4,3957.3,2313.55,154.65,94.9,152.35,447.05,38.75,710,1577.5,1095.7,1202.85,2275.7,1442.55,2341.9,590.8,279.2,2059.3,150.4,696.15,10.2,398.2,907.6,1890.7,120.8,239,476.35,664.85,2514,1788.75,66.3,351.95,1746.75,745.2,743.2,147.1,507.1,7316.75,4125.05,128.2,68372.35,156.25,132.15,171.8,41686.7,205.55,111.95,2344.7,36.8,213.4,123.75,2418.85,99.3,485.15,2359.8,2355.4,1112.7,892.25,463.7,931.85,411.7,231.55,1297,3643,1503,2539,2829,592.25,1444.75,6035.9,730.75,375.8,1191.45,598.15,259.2,870.6,2078.5,17041.45,103.95,276.85,3380.8,728.7,1973.45,9499.15,1121.1,15678.5,1977.25,502.05,264.95,677.35,452.25,591.6,421.05,679.25,4375.2,766.9,404.6,120.35,1031.35,1407.4,2207.65,287.25,4336.6,1808.35,124.8,730.25,1487.35,302.85,265.6,511,1381.25,2154.65,512.45,119.5,40214.05,1257.1,463.4,57.45,41.9,219.5,204.55,203.55,4413.55,1838.8,214.25,734.4,1012.2,752.85,2276.7,2629.95,579.15,6272.35,4969.7,114.65,854.9,1406.1,1884.55,779.4,793.4,3313.15,1355.95,322.1,117.75,4526.7,3877.1,38.9,17367.2,897.9,3523.7,2036.1,4475.1,4373.5,2679.7,2340.15,1724.25,184.65,726.85,133.15,816.7,1069.7,22361.45,323.05,575.25,1146.85,722.25,484.75,1167.1,1554.5
15-Mar-22,2060.35,1701.4,721.3,569.95,295.1,4812.95,184.1,109.95,2987.15,621.75,698.15,3454.05,6666.55,105.9,1836.45,205.55,653,703.1,50.2,327.45,13921.45,350.3,3222.85,369.6,218.9,1068.05,172.9,1518.5,589.95,556.65,4386.25,341.15,3899.85,2305.25,154,93.45,148.45,444.05,37.6,724.6,1564.25,1082.05,1176.85,2240.85,1424,2318.4,559.75,273.55,2038.2,156.35,697.35,10,382.3,896.65,1839.3,119,237.85,452.5,641.15,2524.05,1733.75,64.65,346.2,1743.45,737.95,761.2,148.6,511.45,7420.1,3884.15,133.65,68085,147.55,131.05,163.75,41230.7,202.45,110.85,2370.55,36,209.65,122.05,2363.45,94.9,485.85,2315.6,2420,1090.15,891.65,450.15,920.65,413.65,227.4,1233.75,3593.9,1458.6,2556.95,2870.6,594.8,1431.5,6021.25,741,357.7,1211.95,587.7,253.95,859.4,2091.7,17203.95,104.7,273.15,3374.6,732.55,1969.8,9722.5,1169.5,15708.9,2005.2,466.7,281.15,695.45,436.9,578.8,406.4,685.8,4151.6,777.55,393.05,119.65,1030.95,1423.8,2200.25,277.4,4284.2,1809.8,122.85,697.3,1470.95,302.6,259.3,511.05,1376.8,2132.15,504.7,114.15,40238.8,1210.7,458,55.75,40.7,218.6,201.75,205.85,4351.85,1832.55,209.6,713.8,993.15,756.4,2303.2,2618.55,568.85,6037.8,4753.85,113.75,858.25,1369.9,1874.25,774.4,753.5,3187.2,1333.35,315.85,113.65,4442.3,3948.4,37.7,17461.6,889.65,3456.4,2071.25,4326.9,4400.3,2649.15,2395.6,1671.7,178.45,725.9,129.25,819.15,1070.55,22800.5,314.7,571.8,1124.65,748.6,477.3,1158.25,1557
16-Mar-22,2129.15,1758,723.8,581.65,309.35,4943.65,186.55,115.5,3042,637.5,723.85,3569.8,6840.6,107.7,1911.5,209,674.95,712,51.2,329.2,14081.6,356.3,3313.65,375.15,224.4,1055.8,176.9,1530.65,616.05,564.7,4402.25,355.5,3943.8,2357.9,156.3,98.35,152.4,446.85,38.5,747.25,1604.05,1136.35,1199.5,2292.1,1448.15,2369.5,572.7,278.35,2072.15,156.9,708,10.3,390.55,928.65,1889.4,121.95,242.6,465.1,655.25,2563.45,1760.5,66.6,362.9,1756.2,749.6,773.65,152.8,525.45,7485.8,3948.75,133.3,68370.45,150.55,132.75,167.3,42354.95,204.9,112.45,2462.9,35.9,209.35,123.4,2403.35,97.2,492.75,2359.2,2469.2,1109.5,889.2,458,938.05,424.9,230.45,1265.25,3655.9,1489.9,2587.3,2850,609.7,1465.25,6305.9,752.45,373.35,1270.75,598.25,254.15,859.45,2190.95,17322.4,108.55,278.3,3414.9,734.25,2039.25,9913.8,1178.85,16124.85,2059.1,485.5,294.45,705.8,442.5,600.35,402.2,697.4,4350.45,799.8,393.5,120.45,1026.5,1473.6,2222.85,283.05,4413.2,1827.35,125.45,707.75,1526.35,306.2,262.5,502.95,1462.15,2209.2,517.3,115.25,39961.7,1219.2,468.5,58.95,42,222.75,210.8,212.35,4464.6,1899.8,214.45,761.8,1000.1,768.25,2486.4,2699.4,579,6025.7,4754.9,116.75,877.25,1412.8,1972.65,780.9,768.85,3098,1331.05,335.7,117,4474.5,3954.3,38.6,17823.4,926.55,3533.3,2161.4,4428.45,4344.75,2728.6,2418.5,1723.2,183.25,749.85,133.3,836.4,1085.75,23595.45,329.4,572.15,1169.25,747.85,486.1,1171.25,1580.95
17-Mar-22,2122.65,1819.65,740.1,579.75,306.2,4839.9,193.75,114.45,3136.6,640.35,739.25,3650.45,6994.4,107.95,1941.4,209.4,681.9,722.9,51.4,331.45,14585.75,364.2,3355.95,373.3,226.05,1048.5,176.55,1533.75,616.1,560.25,4504.35,363.05,4042.15,2436.95,156.3,98.05,151.3,443.85,38.15,746.5,1619.85,1147.1,1196.9,2415.25,1480.05,2419.9,576.8,281.45,2102.05,161.1,720.1,10.25,391.95,932.45,1854.6,121.35,244.9,477.15,685.1,2560.85,1820,71.35,364.85,1787.9,765.35,794.4,158,524.1,7693,3986.85,136.95,68957.8,151.3,132.9,170.3,42674.1,206.45,116.35,2510.4,36,211.55,125.75,2481.7,98.1,501.9,2380.95,2588.2,1129.55,911.6,469.35,939.5,433.8,231.75,1303.45,3672.75,1493.5,2703,2874.6,611.7,1482.9,6373.6,761.6,378.45,1296.4,601.2,258.8,891.6,2101.35,17257.9,109.85,285.25,3438.95,726.4,2029.95,9738.9,1163.4,16370.8,2132.5,479.35,301.5,717.95,443.95,609.75,418.15,719.85,4411.05,849.45,390.5,120.65,1023.3,1460.25,2228.9,285.35,4478.6,1837.5,125.65,759.3,1596.4,305.65,260.65,504.8,1445.8,2238,530.15,117.5,39412.9,1269.4,492.3,60.65,42.7,223.15,208.5,214.5,4494.6,1897.05,214.7,767.05,1033.7,770.45,2515,2756.2,581.05,6113.85,4732.85,118.2,919.55,1426.65,1996.35,805.1,768.55,3106.9,1337.05,337.95,116.75,4578.65,4087.4,38.85,18284.2,912.9,3553.55,2286.05,4484.95,4388,2815.35,2437.85,1706.75,184.85,759.2,136.45,854.45,1128.55,24090.2,333.35,592.3,1157.35,772.3,483.2,1262.05,1646
21-Mar-22,2055.75,1802.95,735.15,579.95,300.35,4767.4,188.55,110.8,3045.75,679.4,725.9,3589.05,6870.4,106.5,1956.35,208.9,669.05,708.2,50.7,329.8,14249,357.2,3237.55,366.4,224.95,1050.3,182.3,1521.2,614.9,549.55,4456.25,353.9,4004.95,2378.75,154.85,97.35,144.3,455.75,37.4,722.25,1569.45,1137.15,1168.05,2391.9,1486.5,2391.55,589.95,276.2,2051.2,157.3,710.75,10.05,374.2,913.4,1853.05,118,244.5,487.6,681.3,2552.65,1777.1,72.4,357.85,1756.3,755.15,783.5,157.3,504.35,7705.55,3975.95,133.3,66876.35,151.55,132.9,172.55,41826.2,194.85,115.35,2485.25,35.7,204.9,124.6,2467.4,99.4,490.6,2348.9,2605.45,1086.4,913.8,465.85,939.25,427.95,227.95,1302.95,3626.7,1479.8,2707.25,2763.6,608.7,1445.7,6191.25,775.9,400.05,1288.7,600,256.8,911.35,2091.45,17251.9,107.8,286.5,3496.85,753.85,2019.45,9841.9,1177.75,16180.8,2055.35,499.55,294.95,693.55,443.75,600.2,431.65,697.85,4433.9,854.75,394.2,119.8,1054,1425.15,2269.8,312.75,4508.4,1847.15,123.4,762.45,1607.8,313.75,269.55,499.7,1446.2,2152.85,522.35,117,39557.45,1240.55,477.45,60.9,41.85,220.95,206,209.85,4431,1814.05,209.95,802.9,1003,770.75,2452.15,2663.6,592.35,5992.4,4788.1,116.4,904.95,1439.3,2008.3,778.55,763.2,3103.9,1354.55,336.8,122.8,4643.1,4122.6,38.9,17876.45,910.9,3545.3,2234.6,4430.7,4506.95,2784.05,2438.4,1754.05,183.7,742,133.3,842.15,1095.8,23390.3,352.1,583.95,1147.8,747.8,482.2,1279.6,1636.95
22-Mar-22,2058.3,1831.55,739.15,578.65,300.9,4677.6,190.05,112.2,3051.15,687.5,731.4,3656.45,6985.8,106.8,1936.05,209.8,689.5,719.25,51,334.7,14306.75,368.4,3158.4,360.1,226,1032.6,183.35,1505.1,615.2,534,4448.55,358.65,4030.35,2380.4,154.85,98.85,143.45,450.05,38.05,699.3,1582.5,1124.95,1176.4,2402.75,1494.15,2423.65,593.45,280.15,1993.5,154.45,718.2,10.05,370.9,927.7,1887.4,120.65,249.75,493.1,696.5,2621.35,1807.85,75.1,366.8,1774.05,757.25,785.6,160.4,492.1,7766.65,4034.4,136.4,67096.6,151.65,132.85,175.45,41790.1,194.7,116.45,2450.35,35.6,208.7,125.6,2531.15,99.5,493.7,2319.15,2630.45,1098.15,914.1,459.85,954.7,440.35,231.4,1302,3700.95,1538.2,2712.75,2762.2,612.55,1435.3,6211.6,780.95,404.05,1283.25,610.05,248.55,908.35,2077.15,16685.6,108.95,288.7,3550.55,735.7,2019.65,9972.25,1196.05,16494.6,2050.45,491.4,303.3,697.65,465.9,601.55,436.25,711.95,4457.7,830.8,387.3,120,1051.85,1422.45,2255.45,304.55,4374,1840.65,125.6,799.45,1578.95,312.45,268.3,491.9,1414.75,2160.35,529.3,118.2,39328.15,1250.4,481.75,60.2,40.6,221.95,208.75,211.8,4485,1836.25,211.85,818.7,999.75,765.8,2382.9,2652.6,594.05,6117.55,4878.55,116.65,916.15,1419.5,2002.85,784.05,753.05,3186.65,1369,334.8,122.2,4760.45,4062.35,38.75,17429.25,913.55,3597.3,2202.15,4541.8,4435.65,2777.75,2425.9,1749.1,194.35,739.05,134.8,847.3,1097.65,23373.3,350,588.5,1142.7,752.9,485.4,1286.35,1600.15
23-Mar-22,2069.75,1811,733.75,576.6,297.85,4608.2,189.15,112.15,3016.8,692.5,726.75,3601.5,7004.8,106.25,1925.7,207.4,680.85,704.95,51.25,337.2,14188.85,366.6,3102.25,367.8,225.3,1014.45,183.05,1527.8,614.95,522.85,4553.55,356.95,4127.3,2394.1,154.45,98.55,143.6,453.75,37.2,694.35,1582.1,1141.35,1180.7,2346.3,1479.25,2394.65,608.45,284.65,1978.55,155.8,718.3,10,373.85,931.35,1872.4,121.7,252,510.8,704.4,2651.3,1769.75,87.25,366.3,1767.25,746.3,774.1,158.9,484.6,7644.85,4102.6,135.05,66844.7,151.1,133.45,175.6,42024.55,196.05,116,2433.9,35.7,210.1,126.3,2539.2,103.1,490.65,2296.05,2595.2,1096.2,900.8,458.55,962,435.8,234.3,1331,3712.4,1542.15,2690,2831.1,611.15,1437.1,6234,793.95,408.65,1304.85,611.2,256.05,912.55,2050.8,16642.05,109.4,289.55,3649.25,737.1,2003.3,9686.95,1235.75,16407.35,2068.05,494.45,303.1,683,467.55,605,416.55,721.75,4435.45,822.55,386.75,125.6,1087.05,1412.5,2220.55,306.15,4386.4,1856.4,125.8,776.9,1558.5,310.95,269.9,500.65,1407.1,2218.95,525.85,117.95,39112.4,1252.5,477.6,60.3,40.75,228.8,216.1,208.95,4487.75,1832.8,213.9,837.7,991.25,766.45,2328.4,2663.1,605.8,6072.8,4897.85,117.2,904.1,1401.8,1989.25,770,771.3,3240.9,1336.5,336,123.15,4626.25,3986.55,38.95,17344.2,922.85,3559.6,2224.35,4490.8,4442,2740.7,2414,1756.8,192,730.4,134.25,863.3,1092.25,23413.2,359.55,604.55,1184.3,748.8,484.35,1300.25,1637.85
24-Mar-22,2080.4,1832.8,733.45,568,297.05,4628.55,186.65,112.05,3025.35,721.15,722.25,3583.9,6997.55,106.15,1915.35,207.5,694.25,706.35,51.35,342.3,14153.8,362.6,3103.85,367.1,225.65,1029,187.4,1508.7,621.5,523.75,4494.65,356.6,4328.5,2369.65,154.2,98,147.1,464.1,36.85,695,1599.4,1146.15,1192.1,2310.5,1442.65,2412.15,621.95,275,1965.9,157.6,704.2,10.15,377.4,924.8,1886.7,120.6,254.85,521.65,715.1,2618.95,1714.15,80.05,366.15,1771.55,774.6,765.65,157.25,482.4,7556.95,4277.5,132.3,66718.75,157.1,135.4,177.45,41383.55,197.35,116.25,2423.65,35.55,210.75,125.1,2578.65,104,487.1,2294.3,2608.1,1092.4,908.85,466,972.7,433.2,239.5,1350.55,3749.85,1568.55,2618.5,2828.4,608.95,1454,6351.85,799.1,411.15,1276.2,610.55,298.9,919.4,2038.65,16469.25,109.95,296.25,3609.5,765.35,2036.25,9877.15,1241.45,16378.7,2064.9,490,297.25,684.05,480.1,599.2,415.3,731.35,4478.95,808.85,378.25,124.05,1094,1388.45,2240.35,313.05,4323.15,1858.1,133.5,798.85,1569.65,315.95,270.85,499.65,1405.9,2180.15,522.35,117.3,38935.4,1244.15,482.9,63.95,40.05,233.7,219.1,210.1,4508,1863.1,213.8,849.6,1008.4,772.5,2310.55,2658.5,604.25,6177.35,5037.3,117.1,905.7,1422.7,2007.75,747.65,769.85,3333.25,1350.8,337.8,124.1,4529.95,3967.5,38.3,17408.1,930.6,3628.1,2246.7,4639.75,4470.7,2751.65,2405.6,1776.55,198.05,729.55,135,843.55,1088.95,23273.75,362.7,588.95,1164.85,740.5,494.4,1276.85,1630.55
25-Mar-22,2064.2,1867,743.25,556.3,297.8,4683.2,187.55,113.55,3046.95,717.6,721.25,3654.35,6973.5,108.5,1934.7,206,690.3,709.35,51.65,348.9,14052.85,360.3,3094.5,359.15,225.3,1013.5,186.1,1518.65,689.8,519.8,4454.15,365.1,4361.45,2336.85,153.45,97.5,147.65,457.55,36.7,684.85,1591.05,1148.55,1179.35,2303,1430.9,2378.4,622.7,271.4,1953,155.85,699.25,10.1,367.8,926.25,1876.55,118.8,253.35,529.65,721.35,2617.1,1722.25,83.2,365.9,1751.1,756.35,764.75,158.2,478.1,7415.45,4281.35,135.65,66501.1,157.15,134.75,175.8,40444.7,195.55,114.95,2456.45,35.4,209.65,124.25,2595.85,103.1,490.7,2273.8,2614.55,1103,902.35,467.7,975.1,432.1,241.35,1338.95,3707.45,1530.55,2523.9,2743.15,603,1449.1,6312.7,798.55,410.55,1249,603.35,295.1,923.15,1989.3,16021.85,109.2,293.85,3620.4,757.6,1957.1,10117.8,1206,16333.3,2049.55,478.55,299.95,688.6,465.9,601.15,409.85,732.25,4423.05,793.75,374.55,124.7,1086.35,1360.4,2228.35,320.15,4278.2,1798.7,132,767.95,1622.95,318.95,263.85,492.05,1394.8,2147.35,519.55,115.55,38413.35,1265.55,488.25,63.85,39.8,228.9,227.65,208.5,4453.4,1940.55,203.1,858.8,992.85,770.05,2280.95,2636.6,589.8,6183.25,4929,114.4,887.2,1443.2,1993.9,732.1,756.6,3279.15,1307.65,345.45,121.7,4495.3,3974.15,38.25,17161.2,920.85,3580.9,2202.45,4675.95,4401.35,2795.45,2446.9,1821.65,203.7,727.9,133.35,863.05,1092.6,23259.35,363.6,579.05,1166.4,733.35,485.95,1261.3,1591.7
28-Mar-22,2059.65,1909.7,737,541.8,291.8,4658.6,188.95,114.05,3027.45,706.75,736,3687.75,7001.4,111.95,1928.25,205.05,699.5,733.05,49.85,345.7,14025.8,359.7,3094.8,353.05,228.7,1017.1,191.25,1519.1,659.95,515.15,4416.55,363.8,4285.45,2380,151.85,98.65,152.1,446.2,35.9,688.75,1610.95,1130.05,1163.95,2268.25,1432.8,2377.95,630.2,266.25,1975.1,153.45,710.35,9.95,365.8,935.15,1873.9,119.95,257.05,519.8,730.1,2644.45,1725.2,84.25,359.55,1741.6,752.4,769.25,158.05,474.7,7477.35,4232.75,135.35,65708.65,161.4,134.8,176.35,40188.7,191.75,113.8,2399.75,35.65,212.3,123.05,2621.95,99.85,497.5,2272.25,2605.75,1115.55,905.9,464.55,956.65,432.7,239.6,1338.95,3707.7,1524.45,2535.9,2728.3,607.4,1416.75,6359.95,780.75,413.4,1231.6,600.2,289.9,907.55,2002.9,16238.75,107.25,299.3,3604.55,761.6,2000.4,10357.95,1214.75,16518.95,2051.55,479.15,297.05,679.95,454,599.25,416.2,726.75,4337.65,798.5,367.4,124.35,1109.4,1383.65,2174,319.85,4174.35,1698.75,127.3,819.65,1628.95,311.35,258.45,482.25,1399.85,2094.7,512.6,113.55,38597.6,1265.75,478.7,63.15,38.45,230.4,231.95,205.5,4373.45,1964.3,209.8,860.05,999.45,766.25,2253,2564.65,590.75,6071.4,4893,114.5,872.1,1429.25,1982,703.05,760.75,3338.15,1291.7,346.55,122.7,4392.6,3924.95,36.9,16860.05,943.45,3501.35,2195.05,4631.45,4345.65,2750,2352.15,1883.3,200.5,728.5,130.6,846.5,1077,23197.55,357.6,591.15,1156.55,741.25,490.45,1279.55,1569.4
29-Mar-22,2128.55,1917.25,761.95,540,302.45,4613.75,189.9,114.1,3042.6,692.95,737.8,3689.1,7039.35,111.55,1952.75,207.4,707.95,754.95,49.1,343.45,14107.3,358.45,3103.8,356,228.45,1038.85,186,1523.4,647.65,515.8,4561.6,372.95,4323.55,2480.5,151.45,97.55,152.65,452.4,36.7,695.35,1623.7,1153.6,1167.7,2337.35,1451.8,2210.65,631.3,267.55,1987.05,160.1,715.3,9.85,369.2,929.15,1886,118.3,254.6,535.05,753.9,2629.65,1730,82.65,360.5,1746.65,761.5,773.35,158.2,482.5,7439.15,4250.95,136,65297.05,158.9,134.35,171,40806.05,193.2,112.25,2397.95,34.95,211.3,122.75,2622.55,98.8,495,2300,2621.25,1123.4,919.35,477,987.5,433.7,239.1,1334.65,3705.35,1522.35,2538.8,2809.9,613.45,1407.45,6526.6,782,410.35,1247.3,602.5,284.7,922.35,2038.8,16909.95,107.35,303.35,3660.5,760.25,2006.4,10434.4,1215.65,16501.7,2101.55,471.7,295.2,687.35,456.05,605.2,427.15,715.2,4407.95,808.45,376.55,126.35,1122.65,1431.7,2220.55,330.2,4232.85,1638.35,126.65,837.7,1632.3,310.85,253.1,488.3,1400.5,2094.05,523,112.45,38964.9,1275.85,495.55,61.65,37.9,225.35,240.65,209.4,4302.4,1963.15,215.1,903.6,1059.2,767.6,2372.7,2615.05,594.05,6024.25,4973.75,114,859.6,1421.7,2047.75,740,778.3,3378.05,1293.2,340.05,121.15,4493.7,4040.95,36.5,16921.9,941.5,3482.35,2186.45,4758,4415.4,2837.6,2350.8,1857.45,200.1,739.7,128.65,854.8,1101.25,23645.55,352.9,583.95,1153.85,743.2,490.55,1276.2,1570.6
30-Mar-22,2150.9,1995.25,767.4,536.85,303.05,4614.8,188.45,115,3081.55,675.6,750.45,3674.1,7251.85,114,1956.75,208.45,702.6,749.5,50.2,341.55,14458.55,360.05,3148.4,355.85,228.45,1028.95,182.9,1530.5,651.45,527.7,4538.6,382.85,4354.4,2486.55,152.5,97.05,153.45,449.65,37.1,727.8,1667.7,1150.9,1165.2,2385.45,1476.95,2271.65,599.8,264.45,2015.9,160.2,730.9,9.85,373.25,926.3,1903.95,117.2,249.2,519.85,717.55,2615.45,1763.1,80.65,359.3,1773.6,749.1,793.35,158.2,490,7598.6,4407.8,137.75,65358.9,159.2,135.3,162,41952.7,195.85,112.85,2440.3,35.05,217.1,123.45,2672.95,97.75,494.3,2343.45,2705.85,1124.45,920.6,488.4,983.9,435.65,241.7,1308.05,3731.55,1496.3,2523.15,2828.35,621.8,1455.5,6642.7,776.15,398.7,1268.65,600.8,294,941.95,2083.5,17276.3,108.4,299.1,3667.9,751.95,2011.7,10362.05,1202.2,17128.9,2106.95,481.2,300.2,693.55,454.2,611.45,421.75,733.45,4521.95,796.65,372.5,126.7,1107.8,1493.15,2216.5,324.7,4366.3,1651.95,127.1,818.6,1665.6,309.7,258.95,493.8,1404.6,2163.3,542.3,111.4,39937.7,1329.9,500.25,62.25,38.85,224.6,241.25,210.75,4416.35,1989.35,221.05,916.65,1076.8,789.55,2428.65,2624.05,597.7,6310.35,5109.3,114.7,880.25,1434.35,2057.55,744.2,782.8,3429,1315.2,345.5,116.8,4619.35,4057,36.7,17298,935.35,3551.75,2233.05,4787.2,4381.7,2851.25,2362.35,1869.05,196.8,772.05,129.25,868.9,1121.8,24089.15,356.5,599,1158.05,765.85,489.4,1257.1,1578.05
31-Mar-22,2151.35,2014.75,774.2,536.4,299.25,4516.1,191,117.25,3079.95,668.55,761.15,3653,7259.95,111.6,1961.4,210.8,700.6,754.95,49.35,335.6,14438.5,359.35,3206.4,348.5,227.75,1018.05,183.05,1542.25,672.15,536.2,4402.05,380.45,4295.45,2457.15,151.1,97.4,155.65,442,36.95,747.3,1664,1152.55,1163.75,2390.4,1470.35,2294.15,569.5,269.35,2048.65,157.8,730.3,9.65,373.15,935.4,1906.85,118.95,250.65,532.85,732.65,2636.5,1753.85,80.6,358.95,1767.65,747.05,806.55,159.15,503.7,7561.3,4302.9,139.45,65022.1,162.55,135,163.9,43189.35,193.75,112.6,2454.3,35.05,216.8,123.05,2634.75,98.55,493.55,2368.2,2679.35,1134.85,914.75,489.85,974.35,433.75,238.65,1307.2,3739.95,1499.45,2536.15,2791.95,625.65,1489.55,6602.3,769.6,403.35,1245.4,591.9,288.35,956.65,2157.95,17702.85,107.65,302.1,3620.7,741.6,2022.95,10292.55,1246.25,17060.45,2136.2,489.4,307.4,699.7,454.95,631.45,422.1,718.45,4457.5,799.6,374,128.9,1121.3,1495.6,2243.75,330.05,4308.8,1690.85,125.05,844.45,1672.2,306.5,259.05,503.25,1484.9,2146.05,538.2,113.75,39676.8,1328.3,500.9,61.75,39.7,224.7,238.5,209.5,4322.65,2014.15,222.05,945.75,1065.75,774.7,2431.3,2610.7,590.1,6155.4,5105.3,113.55,888.35,1415.45,2035.75,753.9,779.05,3376.85,1330.95,347.65,121.8,4509.45,4082.2,36.3,17380.55,939.85,3587.75,2186.9,4765.3,4348.15,2819.65,2364.4,1922.3,194,768.05,130.2,851.7,1121.45,24032.6,346.6,597.6,1228.6,777.4,491.85,1275.5,1572.85
01-Apr-22,2151,2043.65,785.75,558.35,304.95,4506.9,195.7,119.15,3114.15,682.35,774.55,3739.9,7408.1,116,1998.8,215.1,702,758.5,53.85,341.9,14553.75,374.4,3230.65,354.4,239.95,1014.85,186.15,1549.6,682.6,542.45,4379.7,385.95,4279.45,2481.2,156.9,101.6,162.05,452.35,38.9,753,1669.95,1173.1,1169.65,2452.3,1506,2240.15,570.5,277.05,2078.15,167.1,736.25,10.1,380.4,968.6,1903.55,122.1,253.3,530.85,732.2,2725.45,1776.65,83.05,372.25,1790.1,765.5,826.55,165.45,518.25,7700.05,4242.8,140.25,66485.2,166.55,142.95,167.95,43147.5,198.5,116.2,2485.9,36.35,225.05,126.85,2655.85,102.15,508.2,2367.2,2621.85,1181.35,908.7,498.4,987.2,441.15,245.45,1317.1,3758.75,1487.1,2520.85,2786.7,628.75,1500.75,6670.55,781.55,405.8,1260.85,601.8,299.8,956.4,2114.3,17512.4,111.9,300,3493.2,752.65,1980.7,9870.05,1287.55,17139.2,2107.55,482.85,320.3,711.6,466.6,655.4,430.25,707.75,4414.85,797.05,372.9,134.3,1136.7,1526.2,2300.4,333,4361,1697.95,128.4,862.75,1692.15,313.1,258.45,495.1,1524.3,2276.5,550.35,116.7,39764.75,1348.6,508,63.6,41.7,230.95,240.6,218.3,4451.25,1998.6,221.35,910,1027.4,798.2,2532.5,2597.8,596.7,6173.5,5121.3,120.7,899.4,1443.45,2091,774.25,795.75,3344.05,1354.75,338.1,122.05,4598.75,4048.95,38.15,17557.2,985.55,3587.55,2230.75,4722.75,4349.05,2858.7,2435.55,1916.2,202.6,773.45,137,871.45,1113.35,24612.85,351.65,597.3,1239.15,789.8,502.5,1268.45,1603.65
04-Apr-22,2119.45,2065.85,818.55,565.8,311.65,4564.95,197.5,121,3118,692.4,784.1,3763.65,7490.65,116.1,2022.25,219.45,709.1,767.8,54.4,346.45,14861.3,380.2,3270,363.4,241.3,1027.8,187.75,1562.25,680.8,544.65,4497.6,387.3,4317.15,2508.95,158.95,102.5,161.7,460.25,39.1,770.65,1679.7,1180.3,1187.05,2680.05,1656.8,2311.75,587.5,279.7,2128.45,173.3,746.6,10.25,391.95,987.2,1882.95,122.3,255.45,547.45,732.7,2796.5,1836.05,85.35,385.2,1826.35,790.55,833.7,168.1,530.1,7774.8,4315.7,143.2,67129.9,170.25,144.3,168.05,43713,198.3,119,2495.05,36.9,227.4,131.3,2663.7,106.4,512.4,2427.6,2636.3,1179,926.05,498.15,1001.95,446.75,251.95,1341.9,3770.35,1498.65,2517,2830.65,633.6,1523.5,6743.9,784.35,421.45,1276.75,605.6,302.75,972.35,2130.55,17549.6,113.9,298.75,3474.7,755.8,1980.45,9980.15,1308.7,17196.35,2129.95,505.1,318.85,722.35,471.85,661.9,463.55,699.55,4511.6,807.4,374.45,136.5,1128.25,1576.9,2313.7,333.65,4404.35,1765.05,132.55,880.8,1681.75,314.3,273.95,511.95,1560.95,2355,571.8,119.35,39866.6,1349.95,509.15,66.2,43.65,238.95,239.1,220.9,4821.9,2014.55,220.75,928,1030.45,832.7,2560.1,2731.7,600.45,6300.35,5194.25,121.9,909.1,1451.5,2235.95,791.25,826.05,3312.45,1362.3,347.05,125.95,4685.15,4093.6,39.2,17820.15,978.8,3668.85,2260.7,4791.5,4417,2863.85,2469.2,1909.85,205.2,786.55,141.9,876.15,1126.3,24765.05,359.9,614.5,1235.4,788.1,509.05,1294.65,1633.3
05-Apr-22,2149.65,2139.85,848.05,577.15,316.8,4554.25,200.15,123.3,3140.8,705.4,783.1,3809.7,7388.45,116,2017.8,218.6,727.35,766.6,56.05,347.3,14894.7,380,3303.4,365.45,242.95,1021.45,187.9,1586.7,683.55,548.95,4461.2,394.2,4329.9,2543.45,159.75,98.25,160.75,470.15,39.5,770.9,1702.3,1258.65,1195.45,2623.7,1608.25,2332.25,586.85,282.1,2139.8,178.55,741.8,10.35,389.3,973.25,1861.1,122.65,259.45,545.85,733.45,2823.2,1802.2,85.9,384.35,1836.05,776.2,836.55,170.45,543.9,7761.85,4389.5,145.25,67756.05,168.6,149.1,171.85,44332.85,199.6,120.3,2507.65,36.95,233.05,132.4,2626.05,105.75,509.4,2437.15,2709.5,1170.5,929.1,498.25,1003.75,458.05,273.6,1344.9,3814.8,1489.05,2549.2,2786.25,637,1559.35,6726.15,793.55,418.9,1315,599.15,300.15,987.05,2207.55,17628.25,113.25,309.55,3494.4,759.05,2045.6,10025.45,1314.85,16818.85,2122.5,502.95,315.35,723.95,489.65,648.9,462.2,704.6,4557.6,824.05,380.7,139.35,1126.85,1592.35,2326.5,324.05,4638.7,1864.3,132.95,902.85,1672.05,315.7,282.15,519.1,1552.75,2341.45,569.65,122.65,39859.85,1351.85,508.15,65.9,43.4,245.5,235.6,220.1,5069.35,1986.4,220.4,958.15,1032.45,822.35,2706.45,2778.9,608.55,6337.6,5171,123,928.3,1461.55,2415.35,779.85,828.65,3318.25,1365.95,354.95,125.6,4745.55,4100.3,39.95,18023.2,977.85,3676.55,2247.15,4915.7,4474,2912.35,2654.45,1917.45,204.85,802.15,141.45,839,1118.35,25157.95,366.6,614.15,1241.5,806.65,533.2,1319.2,1675.45
06-Apr-22,2145.5,2160,849.85,574.3,320.7,4511.75,197.45,124.7,3154,704.3,773.7,3801.8,7346.95,119.9,2017.5,220,727.35,775.65,56.75,350.3,14999.85,385.8,3282.5,369.5,247.85,1029,193.85,1591.3,711.35,541.45,4386.9,398.05,4276.75,2530.7,159.25,99.3,162.35,475.1,40.9,752.45,1699.75,1251.85,1170.5,2536.05,1550.85,2346.9,581.25,290.8,2142.05,178.4,741.6,10.8,382.25,968.3,1828.85,126.05,259.6,561.15,737.4,2768.65,1779.4,87.15,387.45,1852.8,772.8,827.85,168.7,521.3,7744.2,4338.55,144.15,67630.85,172.15,153,172.8,44423.7,200.1,121.9,2529.55,37.6,236.65,133.5,2619.05,110.5,513.95,2458.65,2684.7,1167.05,928.1,498.6,1000.55,456.15,289.8,1370.75,3755.35,1459.35,2540.05,2733.25,647.9,1554.75,6736.15,805.3,432.6,1322,593.55,290.9,973.6,2209.45,17676.15,113.65,315.55,3493.85,760.05,2054.25,9939.3,1336.4,16720,2093.7,511.5,315,726.85,482.45,654.45,468.15,702.75,4464.25,831.25,382.2,141.45,1119.25,1593.9,2329.35,332.7,4592.35,1889.4,132.7,897.65,1681.65,317.7,283.25,524.55,1547.8,2324.3,555.85,124.85,39673.1,1367.4,516.5,68.45,43.45,246.35,251.05,221.65,4996.5,1979.25,217.05,973.4,1022.35,791.95,2709.3,2700,605.25,6325.5,5141.25,122.8,928.45,1469.85,2404.8,776.6,820.7,3197.75,1365.6,350,130,4728.85,4133.7,41,18216.75,988.6,3685.05,2269.7,4874.7,4458.2,2894,2653.9,1902.45,195.95,805.95,139.8,854.1,1107.1,24733,377.1,609.35,1267.65,809.25,540.9,1328.3,1647.3
07-Apr-22,2136.7,2099.05,817.4,571.15,325.6,4536.5,197.1,126,3155,698.85,792.1,3802.25,7290.2,119.2,1963.6,234.35,729,762.4,56.55,353.35,14975.35,380.8,3294.1,369.15,246.65,1036.7,190.75,1586.95,685.2,550.55,4448.45,401.25,4317.4,2538.4,160.35,98.45,160.7,477.1,40.25,781.55,1681.95,1249.2,1173.3,2462.7,1516.75,2350.6,574.75,285.95,2164.8,176.3,748.55,10.9,383.5,972.6,1811,123.55,256.65,549.9,728.05,2752.8,1766.45,85.4,393.6,1826.3,784.6,834.3,169.8,512,7640.5,4271.05,141.7,67109.25,170.6,153.5,168.85,44108.8,200.15,122.3,2493.1,37.45,231.35,133.05,2572.85,109.1,514.95,2470.6,2688.6,1174.1,930.95,497.5,981,449.5,277.8,1349.5,3684.15,1468.55,2458.35,2752.5,637.95,1572.2,6736.65,803.35,425.5,1301.2,580.85,284.75,963.05,2192.15,18164.25,112.65,311.1,3503.1,774.85,2081.1,9998.25,1362,16553.9,2067.15,515.75,315.8,723.85,484.9,668.2,456.8,686.75,4389.15,818.4,375.65,140,1112.9,1589.2,2326.05,325.7,4463.4,1715.25,136.3,868.25,1666.85,312.3,286.45,517.15,1578.2,2286.7,559,121.55,40972.85,1396.65,521.55,63.9,42.45,238.75,250.3,220.7,4852.1,1980.4,218.5,952.2,1001.5,787.75,2747.85,2827.15,599.15,6206.25,4977.75,123.5,902.65,1460.8,2470.75,780.35,819.8,3165,1358.25,336.75,124.45,4818.05,4071.75,40.7,18188.4,980.15,3709.6,2354.25,4705.9,4474.05,2861.45,2610.35,1892.55,192.45,809.85,137.2,856.85,1108.85,24742.5,377.35,610.15,1328,804.9,537.35,1307.75,1659
08-Apr-22,2170.55,2170.95,839.3,573.85,337.35,4606.15,202.75,129.15,3206.25,700.7,794.9,3810.35,7366.6,120.3,1967.5,239.6,746.1,762.1,56.55,355,15036.5,384.55,3347.9,369.25,248.35,1011.6,194.55,1564.65,703.3,556.95,4505.95,396.1,4430.35,2555.2,162.05,100.2,162.15,479.15,40.5,811.65,1771.25,1267.95,1165.35,2458.25,1514.65,2362.45,581.75,296.4,2183.05,172.4,754.3,11.2,383.3,985.6,1814.6,126.95,267.8,562.8,756.6,2791.85,1784.5,85.1,391.2,1830.75,782.05,857.4,175.05,517.8,7557.95,4303.2,144.25,67782.85,174.45,152.05,170.9,44983.9,201.05,121.85,2525.15,37.75,232.6,133.8,2615.65,110.9,516.1,2518.6,2747.6,1207.2,924.6,512.7,999.6,452.05,278.1,1370.75,3685.65,1448.75,2509.95,2801.8,653.4,1590.8,6837,809.75,430.3,1317.6,583.65,286,969.65,2238.95,17999,113.55,308.4,3472.65,771.55,2060.4,9966.45,1389,16749,2116.5,511.05,323.8,734.6,489.6,658.25,464.75,741.75,4373.15,833.2,375.75,140.05,1130.9,1607.25,2361.8,328.45,4475.75,1610.2,135.3,883.05,1665.25,314.45,283.95,528.45,1620.2,2272.6,564.8,122.6,40794.6,1380.2,533.8,63.4,41.9,241.05,253.85,225.7,4924.5,2000.15,219.75,957.5,1027.65,790.35,2797.9,2803.75,605.1,6153.2,4993,122.6,903.1,1467.85,2475.3,801.2,828.8,3161.15,1374.95,336.25,126.85,4850.15,4095.45,40.4,18452.8,957.9,3700.2,2340.5,4710.9,4485.75,2919.9,2689.25,1880.35,194.85,812.35,128.1,854.35,1160.45,25260.65,380.1,648.35,1349.3,817.7,542.55,1269.65,1661.6
11-Apr-22,2232.9,2180.2,854.55,575.5,360.2,4662.15,201.5,130.55,3157.45,698.1,786.05,3787.15,7336.65,120.3,2019.75,243.95,740.1,758.05,56.6,351.35,14956.2,388.35,3350.65,371.95,246.1,1025.5,196.4,1560.75,700.15,552.4,4503.8,403.2,4380.5,2545.6,160.85,100.05,164.6,478.05,40,812.25,1820.15,1275.2,1133.5,2424.7,1496.15,2335.4,576.35,301.6,2163.05,172.95,759.6,10.85,385.95,980.45,1766.55,128.85,267.5,571.2,767.4,2788.55,1783.45,84.45,392,1781.5,785.5,856.85,175.7,519.55,7565.4,4232.4,144.25,67765.65,173.9,153.1,171.2,45689.45,202.9,120.75,2449.15,37.45,230.9,133.9,2610.2,109.95,514.9,2499.55,2698.9,1223.6,925.4,529.7,1006.65,452.05,282.9,1357.9,3696.4,1449.2,2489.85,2793.6,650.95,1574.75,6858.75,819.85,437.75,1303.05,571.1,290.8,959.65,2214.8,18067.8,116.35,306.1,3477.15,775.7,2086.55,10099.9,1397.2,16577.85,2084.15,516.95,322.85,732.1,496.45,663.2,476.2,744.1,4312.3,839.8,382.8,141.6,1121.85,1620.55,2287.6,322.45,4416.35,1603.85,133.85,848.2,1688.55,310.05,286.5,538.5,1679.4,2257,567.4,124.45,40340.7,1356,537.15,63.3,42.4,235.9,250.7,230.1,5066.15,1991.55,218.5,951.85,1037.3,801.4,2786.65,2763.25,601.3,6059.75,4798.85,123.45,910.4,1440.25,2467.8,795.7,832.55,3129.2,1371.35,331.4,124.25,4883.1,4071.9,41.55,18426.35,1001.2,3692.1,2321,4515.4,4476.45,2914,2664.25,1878.2,191.7,815.1,131.25,852.35,1142.5,25203.65,380.6,663.6,1335.75,821.5,560.1,1280.9,1698.2
12-Apr-22,2181.4,2196.95,844.9,568.5,359.65,4626.3,195.35,129.4,3128.65,681.15,798.45,3712.05,7274.5,120.15,1980.15,242.4,729.35,741.65,55.25,349.15,14652.1,380.6,3344.1,363.35,241.45,1027.25,186,1541.95,685.2,553.75,4473.4,393.55,4372.35,2521.8,156.4,98.45,166.7,475.2,39.4,806.1,1755.5,1255.8,1131.15,2425.7,1493.5,2297.9,542.35,288.9,2132.25,167.1,763.85,10.6,377.45,985.1,1742.45,126.05,264.8,558.25,755.9,2775.95,1801.85,82.95,386.8,1747.7,773.6,860.8,180.05,517.9,7618.35,4060.45,139.2,67585.7,169.65,152.6,168.9,44635.65,202.8,118.15,2375.7,36.75,233.1,130.8,2561.05,108.05,512.85,2450.6,2635.75,1180.9,921.3,518.4,974.65,438.3,275.15,1320.25,3691.1,1415,2488.2,2806.75,650.25,1542.2,6775.55,805.65,417,1302.8,558.7,282.3,956.25,2206.5,17819.15,117.85,296.25,3451.75,768.3,2129.45,9899,1400.95,16318.05,2085.5,500.35,333.45,722.3,460.5,655.5,458.35,740.7,4147.1,827.85,378.2,138.05,1095.25,1602.5,2258.25,317.2,4347,1539.65,128.95,857.3,1610.95,301.7,279.3,527.15,1670.95,2221.4,562.3,121,39777.55,1352.6,535.3,61.65,41.6,234.7,249,225.2,5009.45,1932.85,217,918.05,1041.35,783.6,2753.9,2653.8,594.25,5910.55,4592.6,123.15,900.45,1412.25,2419,774,816.3,3057.3,1347.6,330.45,119.9,4786.9,3987.9,40.45,18417.8,996.5,3603.5,2275,4382.75,4390.8,2999.8,2646.35,1921.85,186.7,799.75,131.75,844.95,1149.1,25122.65,367.7,646.3,1316.75,812.1,548.05,1250.5,1689.25
13-Apr-22,2208.65,2199.45,840.5,569.7,369.2,4744.45,195.45,127.65,3080.65,683.75,793.05,3697.3,7328.45,119.45,1960.55,247.1,733.05,740.65,54.7,350.7,14561.95,379,3349.65,364.8,242.65,1016.6,186.6,1530.65,674.55,555.9,4499.25,391.3,4299.2,2491.45,156.95,98.95,168.65,477.8,38.95,786.35,1765.95,1273.7,1125.1,2378.5,1464.95,2274.4,546.75,292.55,2152.15,166.35,762.25,10.4,389.9,983.4,1748.55,127.9,269.55,552.4,766.35,2780.8,1779.6,82.35,386,1760.8,773,866.1,181.95,519.7,7469.5,4098.95,139.2,67447.3,167.6,153.95,174.25,44817.1,204.25,118.2,2366.05,36.65,229.5,130.5,2551.65,106.5,517.7,2467,2611.05,1183.95,936.75,509.45,976.95,431.05,273.1,1319.5,3661.95,1410.45,2461.35,2849.5,650.05,1526.5,6730.05,818.65,425.8,1304.3,559.2,279.3,952.8,2226.7,17805.05,117.4,294.2,3420.25,770.15,2133.7,9706.1,1402.8,16090.05,2095.35,482.95,326.15,724.15,452.4,632.9,474.65,730.3,4160.8,840.65,377.9,139.4,1084.95,1630,2297.45,308.05,4431.85,1542.8,131.7,865.2,1603.25,299.95,278.85,531.8,1677.65,2198.25,564.85,121.2,40002.7,1358.65,541,61.2,41.35,235.45,252.5,224.9,4896.3,1899.2,216.7,913.1,1043.15,780.3,2795.85,2693.8,602.85,6038.8,4507.4,122.95,893.95,1402.2,2417.25,785.5,829.1,3050.8,1336.8,332,120.05,4753.85,3934,40.45,18382.4,997.5,3568.15,2283.45,4329.95,4418,2942.45,2617.85,1904.35,185.65,812.05,130.9,833.55,1146.9,25363.55,362.55,637.65,1302.55,817.6,548.05,1232.8,1661.3
18-Apr-22,2155.2,2233.85,842.7,568.45,363.4,4554.5,190.1,127.6,3021.55,673.7,798.85,3714.6,7261.45,113.9,1969.9,254.95,728.45,729.5,54.4,343.2,14573.2,371.75,3343.9,364.9,234.3,1027.85,189.45,1544.4,673.35,562.7,4524.9,388.85,4284.95,2511,154.95,96.95,167.95,467.95,38.6,796.35,1741.3,1279.8,1101.75,2263.5,1395.45,2285.4,545.35,283.35,2177.65,161.85,757.8,10.1,393.65,977.45,1621.4,128.1,270.1,553.05,767.85,2844.7,1750.4,82.05,376.75,1738.35,770.15,874.1,177.6,517.85,7573.5,3957.5,139.1,66944.95,168.25,163.2,175.8,45276.2,204,119,2364.35,36.2,231.1,130.8,2543.85,105.25,509.5,2444.2,2615.75,1164.25,927.5,505.65,988.05,433.8,257.9,1339.1,3528.05,1344.55,2493.45,2853.7,656,1508.55,6639.6,805.15,424.15,1247.25,538.6,274.15,939.45,2183.5,17341.15,114.65,293.2,3444.35,775.15,2100.85,9772.55,1380.2,15827.25,2084.25,491.25,322.5,718.95,425,626.25,507,724.85,4071.75,856,377.15,136.6,1080.8,1601.8,2269.1,303.9,4308.9,1547,127.45,887.8,1604.85,297.8,274,529.75,1737.95,2183.7,574.3,121.15,40422.6,1357.3,542.15,60.6,40.8,231,246.5,216.85,4856.15,1884.9,216.85,880.6,1023.05,767.2,2726.45,2696.95,598.05,5873.65,4305.15,123.1,886.9,1381,2421.45,772.8,823.85,2879.9,1319.15,331.6,119.7,4666.55,3964.25,39.6,18561.5,997,3587.15,2226.65,4215.35,4459.3,2923.2,2568.45,1825.4,179.95,804.1,130.2,811,1173.4,25435.35,354.65,639.4,1307.8,822.3,570.5,1223.5,1624.35
19-Apr-22,2056.5,2168.3,819.3,559.35,354.25,4816.35,189.2,124.5,2991.2,662.15,797.8,3657.15,7259.55,113.05,1925.6,250.3,725.95,723.5,53.55,337.95,14127.55,375.85,3267.9,356.35,234.65,1000.3,197.75,1502.6,654.45,549,4411.4,377.8,4209.7,2454.85,152.7,96.3,170,459.45,37.15,775.05,1720.4,1285.8,1070.25,2140.2,1342.2,2263.25,540.8,293,2113.05,157.15,766.3,9.9,378.5,963.8,1562,130.3,261.55,553.75,746.4,546.2,1707.5,80.7,378.3,1705.75,769.5,872.5,179.25,504.1,7435.1,3635.65,133.95,66361.4,169.2,160.65,177.15,45437.8,203.1,118.7,2328.55,35.7,227.85,129.45,2640.8,104.1,511.8,2382.05,2528.95,1118.6,922,498.85,968.55,424.95,246.45,1326.6,3471.9,1301.2,2452.6,2840.35,640.6,1461.4,6585.7,804.9,427.55,1245.45,530.45,267.65,939.2,2152.2,16944.8,109.75,292.85,3374.85,749.7,2088.95,9826.45,1420.5,15720.55,2097.95,484.8,323.6,702.7,425.9,620.25,456.5,736.85,4027.3,832.4,374.2,132.4,1067.7,1573.05,2211.4,295.45,4197,1544.8,125.2,851.4,1565.95,290.5,276.4,511.65,1690.65,2109.55,546.7,124.15,40161.95,1342.4,515.8,58.3,40.05,228.25,243.6,207.85,4746.05,1869.55,213.65,829.65,1016.4,752.75,2709.9,2714.95,596.95,5472.35,4209.7,118.25,859,1338.3,2443.65,741.25,809.6,2857.05,1303.5,320.3,119.6,4611.95,3906,39,17948.6,961.95,3565.35,2229.4,4174.05,4444.75,2889.5,2604.1,1787.7,181.8,787.55,124.6,794.45,1124.7,24860.9,337.3,614.5,1282.5,791.35,547.6,1248.45,1595.9
20-Apr-22,2208.25,2183.95,827.65,561.55,371.3,4780.95,194.4,127.85,3083,670.65,794.7,3720.75,7032.5,112.6,1923.9,253.3,731.25,739.35,53.85,352.55,14371.3,389.95,3304.2,360.95,233.1,1012.05,199.1,1526.25,649,550.3,4455.65,377.7,4293.4,2536.8,154.5,96.1,165.6,457.25,36.8,800.4,1736.6,1299.35,1089.4,2180.2,1354.3,2274.85,545,299.7,2164.95,158.35,755.55,10,375.5,972.55,1587.7,133.4,259.55,556.95,738.85,551.7,1721.3,80.95,376.1,1691.6,777.2,881.25,176.15,510.65,7666.7,3668.35,136.05,67670.4,170,160.5,175.5,45121.85,206.75,117.9,2368.9,35.7,227,128.55,2718.45,101.9,509.3,2383.8,2542.65,1114.25,923.5,497.45,970.35,440.55,249.65,1314.25,3556.8,1309.2,2482.7,2859.65,651.7,1481.8,6807.15,825.25,421.9,1250.6,536.5,265.65,940.65,2137.45,16843.2,109.95,289.55,3406.3,758.1,2154.3,9772.35,1420.25,15509.3,2096.3,483.4,323.05,712.85,419.55,637.85,452.65,709.85,3981.7,837.5,377.3,133.3,1102.25,1588.95,2219.75,288.35,4221.1,1524.8,127.85,866.9,1575.65,288.7,280,514.45,1672.4,2096.65,559.3,121.3,40318.5,1363.1,526.25,58.35,40.1,232.05,237.6,210.8,4712.2,1896.35,216.95,836,1026.15,747.6,2692.8,2727.4,606.1,5170.3,4180.8,115.3,863.1,1343.25,2460.65,740.2,811.5,2886.05,1316.15,324.6,119.25,4643.05,3899.4,39.15,18305.2,964.1,3518.5,2224.9,3985.75,4460.75,2874,2617.9,1812.4,179.4,805.4,124.05,794.55,1128.35,25713.85,337.55,627.45,1312.35,810.45,550.65,1265.9,1621.7
21-Apr-22,2270.1,2286.35,850.5,570.8,377.35,4885.25,204.15,128.5,3158.25,674,801.8,3702.35,7138.1,113.9,1948.4,252.9,738.8,735.75,54.7,373.95,14637.45,397.7,3359.9,361.55,238,998.55,206.9,1556.95,656.8,561.85,4529.05,389.85,4320.3,2651.5,156.45,96.6,164,453.6,38,798,1764.25,1320.75,1099.2,2230.65,1374.35,2317.65,540.25,300.95,2197.95,162.2,762.35,10,380.45,989.25,1618.8,135.05,260.4,540.75,734.2,594.75,1760.85,88.45,382.3,1714.5,782.45,911,179.7,518.2,7879.2,3737.5,141.6,69714.8,169.95,162.7,174.15,45814,210.7,119,2406.35,35.95,227.25,130,2782.1,103.1,516.3,2379.85,2547.4,1150.85,944.1,503.55,983.05,448.05,258.85,1302.15,3628.65,1312.7,2521,2829.95,658.2,1483.6,6846.5,829.15,424.95,1265.95,539.2,266.95,940.8,2143.5,17428.85,113.65,292.8,3404.15,771.1,2119.95,9909.7,1435.05,15835.75,2161.3,496.7,336.4,715.05,431.65,638,477.35,720.55,4093.05,838.95,380.8,137.45,1090.75,1613.25,2290.85,292.35,4294.65,1587.05,128.9,878.1,1593.9,291.7,278.7,521.45,1676.9,2092.75,570.95,121.8,40719.55,1401,532.55,59.6,40.85,234.2,244.2,214.6,4794.45,1938.45,216.45,844.35,1030.4,759.65,2714.8,2780.55,611.05,5076.95,4244.3,121.25,871.15,1387,2482,747.45,825.55,2900.75,1333.4,331.7,119.3,4632.05,4044.95,39.75,18202.95,981.9,3532.95,2239.35,4011.85,4458.85,2876.3,2743.9,1780.95,182.95,808.95,126.55,795.75,1144.55,26056.55,342.45,630.05,1282,820.05,557.65,1285.8,1634.1
22-Apr-22,2263.25,2273.3,874.15,569.7,374.2,4813.7,199.75,129.1,3164.4,666.7,780.6,3642.5,7110.75,111.45,1913,251.65,724.05,738.75,53.95,375.55,14501.2,393.4,3364.1,352.3,233.25,967,202.15,1602.35,658.85,559.85,4492.5,379.7,4192.75,2631.5,156.4,95.75,164.2,443.55,37.5,797.05,1716.85,1316.3,1102.05,2206.4,1355.6,2294.25,514.15,298.65,2126.95,159.2,747.65,9.95,376.7,959.85,1585.45,134.35,261.1,537.85,723.4,574.35,1727.75,88.65,374.8,1694.35,754.2,920.65,176.6,523.2,7904.5,3871.3,138.3,69143.85,166.9,160.45,174,45872.4,206.65,118.85,2426.4,35.4,225.45,128.5,2758.8,101.4,500.6,2339.7,2489.35,1108,924.8,497.85,973.2,438.85,253.1,1277.55,3612.55,1306.5,2512.7,2737.55,645.6,1545.6,6744.1,816.55,415.8,1252.1,537.7,269.65,922.25,2161.1,17573.7,112.45,285.05,3370.7,766.65,2159.9,9850.35,1371.7,15454.2,2121.85,494.65,330.25,716.65,419.8,634.5,469.2,713.5,4129.25,830.5,379.25,135.05,1060.7,1620.25,2278.35,285.35,4298.6,1586.95,128,848.45,1574.4,293.25,270.6,515.05,1678.55,2046.55,554.05,117,40888,1318,524.1,58.35,40.05,230.2,240.9,209.35,4823.2,1916.1,215,815.7,1027.45,755.2,2648.05,2735.8,607.85,5093.85,4101.4,118.7,872.2,1384.15,2407.95,741,823.85,2895.85,1312.25,327.15,115.15,4656.05,4031.05,39.45,18187.75,966.35,3485.65,2173.35,4027.4,4348.25,2878.4,2520.1,1771.15,178.7,810.45,124.1,815.4,1137.25,25855.25,335.35,625.9,1234.1,815.6,541.6,1286.6,1641.3
25-Apr-22,2262.05,2284.2,859.55,556.6,376.35,4676.05,191.95,125.8,3130.6,638.9,780.7,3682.95,7005.5,111.15,1910.2,245.8,701.55,739.35,51.7,380.85,14160.45,369.7,3295.9,341.15,228.05,953.15,188.45,1610.75,644.7,551.3,4410.1,364,4115.45,2594.15,151.6,95.4,157.85,427.05,37,761.15,1693.7,1301.9,1089.85,2210.5,1365.75,2288.6,495.5,291.65,2100.75,152.85,752.2,9.8,372.15,946.55,1561.1,127.75,255.25,526.2,715.7,540.6,1728.85,86.5,364.95,1657.35,725.4,904,176.1,515.55,7912.35,3722.55,133,69115.9,158.9,156.1,169.65,44866.35,202.85,115.9,2408.35,34.9,222.85,126,2695,96.75,494.75,2261.7,2434.75,1096.6,900,489.9,936.45,425.15,247.35,1220.35,3548.2,1270.4,2453.9,2732.3,649.35,1531.4,6595.05,803.05,402.1,1242.35,529.35,259.45,886.35,2100,17603.55,115.75,277.4,3310.95,765.05,2182.9,9795.7,1368.95,15265.15,2030.2,460.9,332.75,715.75,410.45,626.5,449.45,715.2,4001.45,827.55,371.55,134.7,998.95,1570.9,2256.6,272.45,4312.95,1601.35,124.25,816.35,1510.8,286.6,261.85,524.8,1627.15,2005,540,113.85,40849.5,1305.75,516.95,57.2,39.3,218.5,234.7,202.15,4813.65,1864.9,211.1,834.45,999.3,745.6,2556.35,2724.5,593.9,4856.05,4010.6,115.05,844.3,1359.35,2400.9,723.7,808,2794.85,1277.05,317.35,109.35,4502.45,3987.6,38.2,18174.7,916.75,3483.45,2113,4007.35,4315.25,2855.85,2550.85,1732,169.1,804.9,120.45,804.6,1091.25,25649.6,325.55,633.35,1119.5,792.75,537.05,1237.45,1625.15
26-Apr-22,2311.35,2395.3,909.5,563.9,385.15,4624.05,204.1,129.9,3125.65,638.1,775,3892.1,7240.55,115.5,1975.45,250.5,728.4,756.3,52.95,380.05,14521.95,372.85,3372.7,349.45,235.55,978.4,191.4,1625,643.6,559.9,4519.6,378.8,4154.55,2649.3,154.3,97.5,157.05,435.75,37.9,793.8,1718,1325.95,1094.3,2230.2,1372.05,2407.25,493.45,292.5,2148.35,162,753.75,10,381.45,980.45,1581,129.05,258.95,525.15,721.2,546.25,1742.7,89.4,382.9,1699.95,758.6,940.15,183.05,530.3,7906.75,3699.4,140.7,71331.5,160.5,157,166.95,46563.75,202.55,118.95,2436.8,35.6,231.6,128.2,2775.65,98.15,505.5,2274.2,2514.55,1157.25,918.05,501.35,962.25,434.9,248.85,1233.6,3546.3,1275.45,2548.2,2735.05,681.5,1532.5,6660.2,812.35,411.6,1262.55,529.25,261,895.65,2087.85,17542.3,116.8,282.85,3305.75,782.15,2145,9358,1415.55,15434.35,2136,473.45,339.95,719.7,421.55,640.55,459.85,764,4042.85,846.5,374.15,139.8,1023.4,1583.1,2283.9,271.6,4340.25,1609.45,124.7,856.7,1582.9,286.75,264.8,532.6,1645.9,2087.35,549.85,114.75,41408.8,1328.2,523.5,58.05,40.15,226.1,233.05,206,4990.35,1870.2,213.1,810.95,1000.5,761.05,2601.9,2718.3,572.1,4817.1,4040.15,117.7,870.35,1367.2,2390.75,753.6,822.4,2767.5,1298.95,328.6,110.1,4539.1,4115.45,38.8,18415.75,955.6,3546,2201.75,4056.9,4284.7,2889,2518.05,1755.4,169.95,793.7,124.05,818.65,1094.85,26171.3,337.3,627.5,1104.65,822.05,546.95,1279.85,1619.5
27-Apr-22,2349.9,2334.1,887.3,555.45,384.55,4522.95,210.5,127,3148.35,629.05,765.9,3905.65,6714.1,116.1,1919.05,246.5,714.7,752.5,52.6,381.95,14386.7,366.5,3338.25,345.2,231.7,977.75,187.5,1636,647.85,559.85,4530.6,375.75,4077.05,2655.45,152.85,97.05,155.65,436.15,37.1,792,1700.2,1316,1095.6,2218.7,1372.55,2500,492.3,281.85,2145.1,156.25,736.7,9.6,373.95,974.5,1552.8,127.35,257.5,539.85,720.6,532.15,1741.5,88.9,382.1,1677.05,742.6,926.85,185.5,529.9,7788.4,3538.35,135.85,72218.95,160.05,155.65,164.85,45781.75,205.55,118.7,2411.3,35.4,229.3,127.05,2778.35,97.2,497.25,2260.6,2483.6,1141.25,906.1,496.5,961.85,430.25,247.35,1246.7,3561.2,1261.25,2492.35,2709.6,686.6,1506.4,6548.45,798.4,412.65,1266.4,518.95,253.8,876.3,2084.65,17413.65,120.6,281.8,3300.6,784.35,2144.25,8959.9,1362.95,14826.4,2202.6,460.85,333.65,717.85,417.8,640.1,463.2,744.55,4032.95,847.65,374.15,138.8,1028.6,1549.6,2256.2,270.55,4314.95,1606.75,121.75,848.25,1570.4,283.35,262.3,519.35,1641.85,2071.95,547.65,114.15,40856.15,1318.4,518.6,57.95,39.7,218.8,235.75,209.3,4839.4,1791.3,207.45,817.6,1005.1,748.5,2569.8,2786.4,579.3,4816.95,4024.9,116.15,865.25,1349.9,2380.3,749.25,834.8,2797.7,1252.3,320.6,108.45,4480.4,3951.75,38.3,18223,970,3504,2160.75,4076.95,4230.15,2845.6,2505.25,1787.6,169.1,779.35,121.75,827.05,1074.2,25574.8,331.15,617.45,1078.05,798.6,544.75,1225,1616.65
28-Apr-22,2376.75,2378.55,887.1,561.1,383.35,4537.85,207,128.6,3247.7,633.4,779.8,3834.4,6727.65,115.7,1936.7,246.65,720.65,747.35,53.8,376.75,14381.2,369.35,3357.9,353.9,233.2,981.2,190.25,1646.95,657.9,572.25,4564.6,379.65,4122.15,2679.95,153.65,97.65,157.8,439.2,37.25,803,1711.9,1317.1,1092.5,2224,1371.35,2517.3,488.6,282.15,2241.85,156.9,747.15,9.55,376.45,988.35,1582.6,129.95,261.1,545.3,729.1,542.6,1765.65,88.05,384.05,1719.25,748.65,922.9,182.1,542.6,7888.15,3606.2,136.25,72330.7,162.75,159.7,164.8,45862.35,207.9,118.8,2457.95,35.35,235.6,127.5,2819.85,97.8,507.5,2279.6,2511.95,1141.8,921,491.3,959.35,436.05,248.25,1260.85,3584.3,1271.3,2513.2,2785.1,681.35,1570.1,6616.95,824.3,411.65,1285.65,522.55,255.6,885.4,2097.85,17257.9,122.45,283.05,3299.85,785.05,2164.6,8901.15,1408.4,15011.85,2142,459.9,336.35,729.55,425.1,636.35,464.55,740.15,4101.15,899.15,382,139.9,1032.3,1538.3,2282.4,270.1,4371.25,1619.05,124.45,842,1588.85,285.55,267.6,512.1,1632.35,2053.25,571.4,114.05,41069.8,1337.5,534.25,58,39.7,214.55,247,208.6,4891.45,1858.6,210.4,815.85,1025.75,757.4,2650,2681.2,571.9,4886.05,4068.8,115.95,863.05,1385.85,2370.85,766.3,825.85,2798.05,1276.6,319.9,107.95,4663.25,3958,38.35,18427.7,965,3526.75,2146.25,4308.65,4337.35,2898.5,2520.7,1816.25,173.05,793.45,120.95,841.7,1116.85,25872.6,334.55,624.55,1085.35,811.65,548,1225.75,1617.6
29-Apr-22,2328.9,2332,856.4,562.5,372.2,4454.35,205,127.1,3237.2,629.05,728.6,3729.55,6671.8,112.9,1948.65,238.55,701.75,739,52.65,368.45,14491.6,362.6,3279.25,352.1,229.65,981.2,182.85,1654.55,646.4,556.7,4505.4,371.85,4131.95,2630.35,153.2,96,159.15,439.55,37.65,782.4,1692.3,1311.8,1079.25,2229.7,1384.6,2506.65,482.65,270.3,2234.85,153.6,743.3,9.5,352.4,978.55,1567.55,126,259.55,540.05,727.15,546,1790.75,87.55,378.7,1694.35,744.65,922.1,183.15,521.7,7717.8,3552.15,137.6,72729,160.65,156.2,160.45,45578.75,203.9,117.75,2423.7,35.1,227.75,127,2790.25,96.75,496.3,2271.35,2512.7,1202.05,928.65,482.45,940.15,437.6,242.35,1271.05,3546.7,1259,2458.2,2814.35,654.85,1585.9,6630.25,822.9,408.35,1261.55,508.8,248.15,887.95,2096.55,17079.75,120.85,285.5,3250.4,781.15,2153.4,8952.8,1390.05,14911.15,2144.2,443.1,334.4,717.95,413.9,592.15,457.55,738.75,4200.2,894.55,384.8,137.1,1030.45,1519.15,2326.6,266.05,4396.25,1634.85,125,827.55,1573.45,281.8,261.95,482.4,1595.1,2041.75,582.4,113.3,40117.15,1280.2,525.75,57.1,39.5,214.55,256.5,206.8,4914.75,1858.1,209,790.8,1011.75,745.95,2647.1,2600,583.35,4839.05,4091.65,115.1,862.85,1430.2,2397.8,757.6,769.2,2843.2,1262.95,316.5,105.05,4651.25,3931.8,37.9,18330.3,960.25,3561.25,2160,4320.65,4385.9,2847.95,2486.15,1828.95,171.5,794.7,120.2,830.85,1105.5,25921.5,328.2,626.95,1094.5,823.75,533.15,1228.4,1623.55
02-May-22,2347.2,2339.5,856.55,554.05,378.15,4304.75,202.6,126.2,3200,642.5,727.35,3623.45,6626.15,112.75,1967.8,238.15,678.45,741.35,52.4,372.8,14460.55,366.45,3271.3,350.15,229.75,976.6,187.65,1643,644.5,557.2,4509.65,367.55,4123.9,2552.5,151.55,94.55,157.55,437.45,37.75,771.85,1679.55,1289.85,1066.9,2264,1403.7,2487.3,484.4,272.4,2230.5,151.3,741,9.3,350.3,1018.1,1541,126.65,263.15,532.85,731.95,547.25,1774.35,84.7,389.35,1679.45,741.85,921.35,182,522.9,7634.75,3480,132.95,72597.5,160.35,157.5,156.35,45595.45,208.05,116.85,2424.1,35.05,231.55,126.5,2780.45,96.85,491,2247.1,2504.8,1230.25,923.4,481.4,1033,432.85,248.5,1295.2,3542.4,1231.2,2386.55,2792.5,649.05,1553.4,6679,830.25,407.85,1230.95,495,255.4,847.65,2051.35,17081.55,116.95,282.45,3272.8,786.6,2065.95,8885.4,1371.1,14957.45,2103.95,446.2,336.5,713.35,406.65,642.4,461.4,746.5,4116.55,910.1,378.55,134.05,1031,1501.75,2298.3,264.9,3994.85,1577,122.5,833,1615.75,277.45,265.15,495.9,1575.2,2028.8,579.85,112.8,40299.8,1283.9,518.9,56.35,38.85,210.4,261.7,204,4877.25,1866.85,204.2,787.55,1010.4,737.5,2588.55,2490.6,593.35,4716.65,3943.8,114.35,846.1,1430.6,2290.45,734.6,771.4,2740.1,1273.65,311.35,106.45,4530.05,3919.4,37.25,18440.55,948.95,3503.55,2129.8,4147.3,4373.9,2866.4,2467.25,1810.8,167.4,787.05,117.25,820.15,1081.05,26230.2,326.5,620.15,1083.5,824.4,536.7,1220.2,1646.1
04-May-22,2300.1,2253.8,812.8,542.6,368.1,4013.3,200,120.55,3100.85,624.65,707.2,3496.9,6339.75,108.15,1905.1,231.2,671.65,722.4,52.35,367.05,14166.15,363.45,3385.45,339.15,222.9,957.55,187.35,1616.8,640.95,538.05,4344.15,348.4,3992.35,2483.2,152.3,94.45,157.55,421.05,36.1,755.55,1622.25,1253,1044.95,2206.95,1356,2409.5,461.65,272.05,2171.55,146.65,724.25,9.1,346.9,978.3,1535.55,125.85,259.75,520.35,711.55,520.85,1775.6,81.05,369.8,1633.95,726.75,896.1,180.25,519.55,7397.9,3469.05,130.45,71878.35,156.65,158.65,162.25,45345.1,213.65,113.85,2324.05,34.35,237.6,123.45,2693.65,94.85,479.65,2200.25,2403,1148.9,900.9,460.5,1034.55,423.5,244.95,1261.35,3479.75,1212.8,2289.95,2692.25,627.5,1499.5,6521.95,824.2,395.2,1144.65,491.75,243.8,836.05,2014.45,16665.5,114,278.6,3190.9,733.85,2019.25,8636.75,1327.05,14322.45,2098.5,438.15,325.85,687.15,405.35,605.5,448.05,712.15,4058.45,906.85,369.55,132.15,1013.75,1444.55,2288.05,259.55,3810.45,1563.85,117.65,826.25,1546.95,268.2,257.4,502.25,1581.9,1995.4,567.6,109.85,39180.3,1275.15,511.35,55.2,38.4,203.1,257.45,195.95,4827.95,1801.75,200.45,763.6,1000.2,721.65,2490.05,2391.05,579.4,4738.15,3936.15,111.3,825.7,1358.45,2141.35,717.9,766.8,2683.8,1252.85,305.3,101,4225.4,3842.9,36.3,18087.75,916.2,3431.25,2026.2,4112.1,4368.6,2775.1,2428.3,1777.95,175.7,751.8,116.75,784.8,1077.85,25193.5,312.2,609.05,1038.55,803.3,528.85,1213.25,1627
05-May-22,2277.85,2255.4,811.35,543.75,366.35,3949.1,199.7,123.6,3076.55,625.35,702.35,3523.9,6309.45,105.85,1881.65,234.9,677,718.95,53.85,362.1,14147.65,361,3277,340.65,224.75,948.4,185.85,1571.1,646.2,529.05,4365.8,340,3963.8,2433.55,148.9,94.15,161.35,418.55,36,762.05,1606.9,1249.1,1072.05,2215.4,1352.95,2501.65,461.6,270.5,2166.6,149.75,728.8,9.05,347.55,936.8,1585.15,125.7,262.05,523.25,707.75,513.1,1797.6,81.7,370.05,1637.65,726.35,899.05,178.55,519.75,7407.65,3510.45,129.9,71182.15,157,158.4,164.85,45722.6,214.6,113.2,2301.75,34.25,233.75,123.3,2640.9,94.1,480,2302.45,2394.3,1161.55,878.15,462.95,1046.3,426.3,247.5,1284.25,3513.4,1263.35,2262,2683.45,631.05,1483.8,6355.7,823.25,405.2,1157.45,501.15,244.35,829.7,2221.1,16615.1,110.9,277.5,3169.8,729.7,2026.45,8556.15,1350.1,14139.25,2053.8,437.55,320.6,687.15,415.65,573.1,450.9,715.3,4171.6,912.45,367.15,130.15,1017.35,1439.95,2160.55,254.75,3949.55,1563.3,114.8,832.45,1460.25,268.5,253.95,514.9,1595.65,1950.4,569.75,110.1,40065.65,1289.9,512.95,55.5,39.2,199.95,250.25,196.4,4587.45,1781.9,202.1,712.25,1002.15,717.2,2488.35,2448.75,576.15,4765.2,4024.05,111.65,817.45,1308.9,2187.45,730.05,766.3,2693.15,1213.25,301,101.1,4127.9,3790.5,36.05,17603.75,904.4,3489.2,2022.8,4154,4366.3,2735.1,2448.25,1777.25,174.35,740.1,118.75,790.4,1083.65,25088.65,309.45,603.2,1020.65,776.35,523,1212.35,1609.1
06-May-22,2245.45,2247.7,811.4,530.4,365.4,3827.35,196.3,119.55,3016.25,612.95,673.4,3499.75,6000.3,104.95,1856.8,228.15,658.5,710.25,51.05,348,13848.95,357.3,3307.8,338.2,219.35,934.75,187.4,1581.1,637.8,510.8,4165.85,329.15,3930.65,2362.45,146.25,91.1,160.2,410.75,35.15,756.1,1565.6,1238.55,1050.2,2150.65,1317.6,2563.35,443.75,268.7,2149.2,146.6,719.25,9.05,348.95,915.4,1542.85,126.25,266.65,503.8,690.4,496.55,1775.3,81.15,363.9,1622.45,723.85,893.85,175.65,503.65,7279.25,3373.8,123.75,69913.6,152.45,159,166.95,44911.5,215.65,112.75,2236.5,33.85,238.4,122.55,2620.65,89.9,483.95,2216,2301.05,1183.8,883.3,453,1032.5,408.55,245.2,1283.7,3432.6,1290.75,2208.75,2650.85,629.05,1481.65,6200.2,786.85,360.4,1069.3,485.1,248.25,793.45,2254.2,16984.3,106.7,270.35,3091.55,725,1925.7,8533,1316.45,13640.5,1994.85,413.75,318.8,666.7,394.85,547.35,448.95,636.85,3905.4,911.45,365,125.85,1008.6,1427.45,2028.6,250.1,3909.6,1568.1,112.45,799.4,1417.25,265.65,257.6,515.9,1582.85,1958,565.95,104.6,39792.5,1281.4,510.05,53.45,38.65,200.65,248.95,186.4,4418.7,1745.35,198.9,678.35,993.25,704.55,2428.1,2380.25,564.55,4593,3866.9,109.35,817.4,1269.5,2135.45,710.4,763.95,2694.05,1210.85,294.25,98.6,3898.05,3745.6,35.15,16995.45,875.5,3517.1,1975.55,4061,4316.9,2620.3,2418.45,1699.75,169.9,724.1,114.7,752.9,1059.15,23973.65,296.5,585.95,1037.75,764.95,493.45,1146.75,1603.7
09-May-22,2232.9,2197.65,792.6,520.7,366.75,3766.35,193.15,117.45,3005.25,614.3,663.7,3568.75,6036.95,103.25,1810.25,225.5,637.3,711.5,49.4,338.55,13612.8,353.4,3252.05,335.85,201.35,938.3,183.05,1581.2,624.6,504.55,4231.1,327.2,3905.8,2344.3,148.4,93.8,156.1,415.7,33.85,757.35,1551.75,1215.5,1076.1,2168.3,1319.85,2492.75,444.1,268.4,2116.65,143.05,710.35,8.95,354.35,889.7,1570.35,124,262.95,497,678.35,489.55,1767.5,80.45,350.15,1616.15,733.05,895.3,174.65,489.45,7360.3,3195.1,118.35,68578,148.2,159,164.75,42619.95,216.35,112,2199.45,33.5,245.15,121.95,2518.3,87.9,475.9,2198.45,2224.3,1157,885.4,446.8,1007.1,403.95,230,1252.25,3445.1,1261.15,2183.2,2597.2,615.45,1466.75,6224.6,777.6,350.15,1046.65,483.15,234.85,779.9,2305.7,16701.55,106.2,262.6,3084.8,725.6,1873.75,8445.4,1279.2,13783.85,1985.8,406,313.15,664.3,386.95,519.25,430.8,635.4,3857.55,903.4,357.95,124.25,988.75,1452.8,1998.1,245,3824.25,1557.6,113.35,758.1,1395.95,261.25,261.1,519.2,1566.65,1932.55,563.85,94.4,39054,1264.35,504.85,52.95,37.95,204.4,238.25,184.25,4411.2,1717.3,205.9,652.3,987,690.75,2388.9,2360.9,542.6,4448.9,3895.75,108.45,800.7,1242,2096.5,707.55,762.4,2641.55,1201.65,288.15,95.75,3820.7,3734.6,34.55,16504.35,868.2,3563.95,1965.45,3992.15,4260.4,2560.9,2437.9,1705.9,163.75,721.7,112.2,761.5,1064.45,24058.3,293.35,565.2,1022.85,758.25,486.3,1103.85,1584.75
10-May-22,2198.55,2109.5,769.1,513.45,358.2,3686.9,198.75,118.7,3086.35,603.1,659.75,3593.05,5928.45,101,1759.65,222.9,631.5,719.65,48.35,330.8,13521.35,353.45,3246.55,330.1,199.7,926.15,170.05,1589.9,611.7,502.55,4296.35,318.2,3914,2415.55,145.7,92.4,148.9,404.15,33.55,771.3,1542.1,1224.3,1072.55,2201.3,1341.05,2469.75,423,270.5,2180.4,139.85,711.3,8.7,347.25,910.75,1553,122,259.75,464.3,645.3,479.85,1797.15,80,347.1,1607.95,714.45,888.35,171.35,502.05,7515.9,3089.4,121.7,68810.05,140.85,155.45,154.45,40839.15,214,110.4,2203.25,33.3,243.65,120.35,2474.65,84.1,475.2,2250.35,2113.15,1160.35,861.85,436.55,967.35,391.75,222.15,1164.9,3438.75,1242.3,2137.35,2579.15,616.2,1458,6366.45,789.8,330.35,988.7,477.65,232.65,769,2230.55,16656.05,104.15,257.75,2971.55,719.25,1849.8,8286.85,1262.7,13630.1,1950.6,397.55,313.8,676.6,376.4,504.05,427.45,637.95,3649.3,882,345.55,121.55,981.25,1421.8,1935,233.45,3680.1,1578.25,111.85,816.95,1360.5,252.45,253.7,507.05,1550.65,1917.65,559.2,93.6,38579.75,1267.85,499,52.2,37.5,197.15,230.4,182.5,4388.65,1693.4,208,606.4,974.95,678.75,2337.9,2316.45,526.4,4332.15,3888.8,107.4,806.9,1201.05,2058,702,747.2,2650.5,1171.65,277.45,89.35,3704.05,3775.75,33.95,16520.6,843.75,3571.3,1913.85,3951.2,4217.85,2478.95,2393.55,1772.25,157.95,721.8,113,768.25,1081.05,24300.6,281.75,567.5,1001.9,745.8,468.6,1060.15,1565
11-May-22,2167.65,2119.3,759.9,510.25,359.05,3679.65,195.65,116.35,3053.65,584.4,672.35,3612.85,5807,101.25,1725.4,219,629.5,722.85,46.85,334.25,13394.25,347.1,3259.85,331.7,202.2,937.6,169.85,1576,605.65,507.1,4293.8,326.25,3884.05,2389.15,144.2,90.7,150.65,403.5,33.35,780.75,1535.35,1229.25,1060.9,2219.1,1348.6,2470.3,422.55,263.9,2163.5,111.15,714.2,8.65,350.55,923.35,1526.75,120.45,255.65,474.65,648.95,468.55,1809.95,78.55,339.05,1570.8,716.8,887.05,170.45,501.75,7396.45,3043.35,116.3,68110.7,142.7,152.55,158.6,41785.6,213.4,108.05,2164.15,33.1,239.2,118.6,2449.3,83.85,476.55,2317.4,2234.25,1120,854.8,431.15,988.35,388.15,226.5,1165.7,3412,1224.45,2114.7,2552.9,620.15,1464.05,6340.2,792.15,325.9,977.85,471.9,239.55,746.2,2270,16572.15,102.4,258.2,2942.4,726.4,1832.35,8196,1275.2,13329.8,1947.95,397.8,312.7,663.4,363.2,482.05,408.5,624.55,3721.6,901.25,362.9,121.85,978.75,1447,1970.05,229.2,3511.8,1586.35,108.6,703.7,1379.8,245.65,263.9,537.4,1557,1876.75,563.55,94.85,38498.2,1284.45,508.1,50.95,36.75,191.65,225,176.4,4319.55,1678.9,208.25,596.2,969.25,657.1,2340.85,2283.85,540.9,4250.75,3722,105,810.5,1194.35,2056.05,721,764.6,2627.45,1154.4,280.5,90.6,3670.2,3946.65,32.9,16512.4,853.4,3534.95,1873.95,3837.1,4223.05,2461.15,2428.4,1787.5,156.55,705.55,108.25,748.95,1087.15,23382.3,275.7,543.9,972.75,744.1,452.45,1045.9,1564.55
12-May-22,2177.4,2045.2,713.3,500.1,373.55,3580.85,196,117.45,3039.95,570.75,649.65,3585,5593.4,96.05,1684.15,218.3,604,705.4,45.4,327.95,13128.6,339.95,3216.85,333.4,192.75,920.75,167.05,1565.4,594.2,498.35,4233.4,322.2,3880,2384.65,141,85.45,150.3,390.55,32.45,771.25,1485.85,1199.55,1059.4,2150.45,1303.05,2401.2,405.85,262.5,2138.8,118.65,695.8,8.15,345.95,869.9,1508.8,122.1,252.9,461.1,624.8,468.85,1760.9,75.45,331.9,1526.15,694.15,865.25,163.65,500.15,7253.65,2954.95,114.8,67622.05,137.6,148.55,156.5,40915,209.8,106.4,2115,28.6,235.9,115.9,2399.4,80.7,462.65,2275.9,2194.35,1064.75,850,413.65,935.4,372.3,219.05,1117.7,3408.65,1212.8,2048.55,2504.4,602.25,1456.3,6185.45,764.95,314.25,949.4,473.8,236.25,740.7,2233.45,16780.65,99.75,252.2,2955.4,727.6,1783.95,8201.55,1239.05,12850.7,1910.2,381.6,304.15,660.2,363.5,472.35,414.2,609.2,3653.9,875.95,345.85,119.3,957.8,1405.5,1918.8,221.4,3401.1,1554.4,109.75,682.25,1320.95,235.2,259.55,566.95,1516.95,1840.05,547.25,92.1,37159.15,1249.1,488.85,49.45,34.8,183.45,217.85,168.3,4219,1631.25,201.55,578.85,961.6,620.65,2334.9,2300.9,535.75,4160.95,3588.1,100.7,791.7,1159,2038.75,709.15,748.15,2512.65,1110.9,280.05,88.85,3539.5,3887.95,32,16220,824.85,3500.1,1815.1,3701,4210.15,2410.7,2431.7,1755.65,146.65,703.25,101.7,736.25,1060.6,22627.4,266.4,538.9,974.1,738.05,438.85,1010.85,1559.15
13-May-22,2113.3,2054.15,705.9,506.7,359.1,3547.8,200.65,122.6,3064,562.55,635.95,3642.1,5515.75,95,1679.3,218.75,629.05,689.9,46.3,326.15,13098.7,336.95,3278.5,340.85,193.3,934.6,168.7,1602.45,605.8,500.8,4281.1,318.9,3924.3,2432.65,142.15,83.5,147.8,393.85,33.45,797.2,1475.1,1234.95,1052.15,2132.95,1291.35,2449.15,388,258.15,2194.1,117.75,677.35,8.35,372.65,872.35,1504.4,121.3,258.6,453.55,600.45,475.3,1779.55,75.05,330.8,1534.5,696.35,889.5,166.1,500.05,7101.95,2938.95,117.25,72050.9,136.1,144.15,153.55,41787.6,205.7,105.3,2121.75,29.3,236.3,114,2426.6,79.65,444.65,2300.5,2231.6,1061.6,882.5,409.95,919.25,404.3,222.8,1097,3414.9,1202.85,2091.7,2582.6,634.65,1427.65,6196.55,781.55,292.9,931.4,468.65,239.25,751.95,2290.6,16544.65,100.05,264.2,2905.75,741.55,1728.95,8266.4,1293.65,12608.3,1888.05,392.8,317.45,656.5,357.95,495.7,391.3,632.05,3743.25,883.05,353,119,1000.3,1408,1983.4,222.2,3371.4,1550,109.1,618.75,1340.9,239.1,250.3,568.95,1509.9,1770.05,550.75,92.15,34332.15,1280.4,489.4,49.65,34.55,186.9,218.4,168.3,4187.8,1624.8,182.85,571.7,975.45,651.8,2302.9,2285.25,538.35,4110.7,3502.7,99.05,822.55,1150.9,2016.25,715.95,740.5,2443.7,1119.4,275.25,89.25,3465.5,3920.05,32.6,16402.95,821.95,3230.7,1811.4,3594.25,4251.95,2382,2540.7,1746.45,148.05,684.1,110.85,715.7,1044.95,22565.35,280.2,526.65,964.8,737.6,431.65,1032,1554.65
16-May-22,2196.2,2105.9,712.5,515.95,368,3686.75,210.35,125.55,2999.9,551.1,638.95,3715.85,5645.4,99.85,1690.9,226.85,661.4,693.2,48.65,319.9,13209.55,336.1,3284.9,345.1,197.75,933.4,171.7,1581.15,618.85,496.8,4218.1,327.35,3888.4,2617.95,142.95,85.3,150.7,392.6,34.85,797.35,1452.25,1236,1044.55,2172.1,1305.1,2495.9,390.95,254.35,2217.25,118.85,683,9.4,377.55,885.9,1489.1,122.1,254.1,462.3,602.3,485.9,1812.85,77,344.65,1542.9,685.05,903.35,169.8,495.6,7247.6,2938.75,120.7,72528.4,137.85,148.25,153.5,42394,209.95,105.7,2114.65,29.55,235.2,115.55,2427.2,81.55,455,2299.85,2243.4,1090.55,885.6,411.15,921.6,405.35,226.6,1103.5,3376.8,1189.05,2109.6,2581.25,653.5,1435.45,6012.8,802.25,287.15,951.5,468,239.7,758.4,2251.8,16500.25,95.05,271.7,2906.4,739.15,1712.75,8240.3,1306.2,12655.25,2050.45,411.1,338.45,633.7,362.15,485.75,384.85,635.7,3795.7,889.55,351.85,122.1,992.5,1435,1977.8,227.6,3342.9,1645.3,110.75,623.8,1381.15,241.9,256.75,560.25,1600.4,1761,549.7,91.3,32377.05,1297.85,500.3,51.35,35.8,187.6,224.55,178.65,4200.05,1654.6,190.45,576.85,983.7,653.75,2390.85,2206.35,542.7,4094.8,3404.85,101.05,810.9,1178.1,1946.6,721.4,760.1,2477.9,1138.8,265.05,90.9,3547.2,3880.9,33.15,16218.85,811.4,3151.95,1874.75,3602.7,4204.9,2401.8,2572.4,1742.2,152.25,690.15,116.55,722.85,1044.65,21980.85,296.1,533.55,970.1,735.5,429.85,1039.15,1546.6
17-May-22,2225.85,2184.85,744.75,522.05,368.8,3813.15,214.9,127.55,3050,535.65,654.95,3742.9,5837.3,102.15,1763.1,232.75,678.15,707.05,49.95,330.45,13629.05,342.45,3368.85,349.05,202.75,938,184.55,1575.35,628.25,501.85,4303.35,334.1,3904,2706.7,144.95,86.7,154.2,402.4,36.4,819.6,1481.4,1252.65,1082.9,2190.55,1314,2523.5,428.4,255.85,2245,120.05,710,9.35,386.55,903.85,1518.45,124.4,264.7,483.8,641.85,495.5,1840.3,79.95,355.45,1604.1,690.9,910.8,175.15,503.05,7532.8,3070.85,126.55,74006.75,143.8,150.5,163.15,42087.05,213.1,109.45,2169.55,29.95,238.65,118.8,2529.15,85.7,467.3,2311.35,2334.3,1108.75,891.75,423.5,971.8,424.15,241.15,1188.7,3451.6,1198.2,2176.35,2618.1,676.15,1496.4,6107.75,817.35,321,988,486.65,246.05,772.75,2294.35,17636.1,102.1,280.05,2902.75,748.05,1752.75,8403.7,1315.4,12972.1,2127.2,420.7,341.55,641.4,383.9,489.75,405.9,659.7,3940.65,942.75,349.65,125.8,1008.1,1413.7,2052.05,242.2,3489.1,1618.85,114.95,639.2,1416.85,250.75,263.3,555.95,1671.65,1811.4,554.85,100.4,32678.9,1311.35,500.3,52.65,36.75,195.3,231.25,183,4271.35,1680.85,197.85,641.35,989,683.15,2394.15,2184.6,559.2,4281.85,3679,105.6,833.7,1211.9,1932.75,738.85,766.7,2574.7,1189.2,275.5,97.95,3641.25,3885.8,34.25,16323.4,833.7,3267,1982.85,3725.95,4245.45,2518.25,2603.1,1772.7,164,698.65,120.65,731.2,1070.4,22035.8,303.55,559.85,1007.9,734.25,440.25,1075.6,1559.05
18-May-22,2236.65,2181.1,759.8,520.4,361.1,3735,214.1,126.4,3100.1,559.6,659.45,3791.2,5815.2,99.45,1754.45,233.1,690.55,696.15,49.8,337.85,14186.25,331.9,3394.35,347.4,197.05,957.1,185.55,1606.05,621.25,509.8,4366.7,324.95,3905.8,2696,144.75,86.1,153.65,406.3,35.9,830.4,1487.35,1242.5,1073.7,2184.55,1313.9,2539,436.1,243.65,2291.4,122.1,707.35,9.2,389.25,903.15,1509.2,118.05,266.8,482.3,631.05,489.95,1846.8,78.7,358.9,1572.5,683.3,913.3,173.75,523.75,7566.55,3026.15,126.7,74687.65,142.55,148.5,163.2,42916.9,223.5,109.1,2162.95,29.7,227.9,118.05,2538.35,84.6,458,2350.25,2348.15,1097.7,899.15,422.15,980.35,415.15,237.7,1180.25,3448.8,1172.05,2166.75,2636.95,680.2,1499.15,6233.75,821.1,319.8,985.6,481.25,242.45,785.5,2279,17875.55,100.55,280.45,2945.1,750.3,1748.65,8426.75,1283.05,12762.15,2126.55,428.65,330.8,640.75,389.35,478.1,410.9,662.75,3950.35,929.5,348.9,124.85,1001.35,1422.2,2036.1,227.9,3504.4,1622.35,115,638.9,1361.05,263.1,266,573.7,1681,1775.1,550,100.7,32610.25,1285.35,502.7,52.3,36.45,195,226.8,182.65,4258.75,1696.4,200.9,646.15,988.45,671.75,2380.85,2051.95,566.9,4214,3775.25,104.55,837.6,1291.1,1753.45,735.4,765.4,2643.15,1186.55,276.5,97.7,3604.05,3885.4,34.2,16343.6,819.15,3223.5,1981.85,3857.65,4298.1,2626.85,2560.9,1785.05,162.1,700.95,119.6,740.3,1073.9,22501.3,308.65,556.55,984.55,754.3,434.3,1085.05,1567.4
19-May-22,2231,2114.75,732.8,514.05,364,3631.8,215.25,122.9,3046.9,522.85,650.2,3698.55,5707,96.3,1735.8,227.5,661.4,674.25,49.35,322.5,13393.65,326.65,3332.05,338.75,186.95,938,181.2,1564.6,606.7,492.1,4199.2,320.6,3929.45,2650.5,141.65,83.45,153.75,392.65,35.35,795.6,1457.8,1215.05,1009.4,2136.3,1287.05,2515.5,417,239,2264.55,116.3,690.3,8.9,365.85,866.25,1427.15,117.25,275.65,460.75,600.2,481.7,1783.4,75.3,354.45,1547.95,634.85,882.55,170.15,510.5,7404.55,2845.75,120.4,73434.75,140.1,148,160,41866.7,219.65,107.95,2117.85,29.2,228.3,116.2,2479.85,80.2,447.5,2294.6,2331.8,1078.5,884.6,404.4,952.1,398.65,228.45,1122.15,3261.95,1108.35,2111.95,2592.3,679.1,1458.6,6072.6,814,303.55,945.45,451.15,230.25,745,2275.05,18129.3,98.05,268.35,2917.1,733.2,1665.65,8235.6,1260.3,12413.85,2102.45,407.05,314.4,626.95,382.95,452.65,400.55,638.55,3664.8,908.65,336.2,124.9,991.45,1369.15,1981.75,228.4,3379.25,1598.35,108.3,608.35,1302.25,245.4,263.1,559.35,1685.75,1706.75,528.7,96.8,32004.45,1250.95,498.1,50.55,35,194.3,220.1,174.9,4149.35,1661.7,193.8,625.8,964.8,654.85,2322.95,1919.1,560.15,3991.85,3504,94.6,795.8,1272.55,1771.15,708.1,745.55,2457.65,1160.6,261.2,94.25,3402.05,3802.9,33.05,16094.25,792.2,3091.1,1894.05,3616.35,4261.65,2666.65,2517.8,1736.2,155.5,689.1,113.8,724.1,1056.65,22216.35,291,542.1,973.4,721.3,419.8,1036.65,1544.1
20-May-22,2239.4,2219.55,767.55,529.15,363,3668,216.75,130.35,3109.95,557.95,673.1,3787.8,5769.6,99.45,1752.95,234.95,674.2,687.9,53.1,340,14175.15,332.8,3450.25,356.85,194.4,978.4,185.95,1586.9,573.4,503.35,4304.8,331.5,4249.1,2707.8,144.1,85.3,156.3,407.5,36.6,758.4,1488.35,1229.35,1028.85,2201.6,1320.95,2590.15,429.1,243.95,2325.95,120.35,709.55,9.1,381.3,896.5,1455.15,116.95,280,478.8,631.1,487.55,1829.15,76.4,369.9,1610.1,638.4,903.8,170.35,528.55,7586.6,2899.85,124.35,74104.95,146.45,149.6,161.9,42568.6,227.95,108.85,2139.45,29.95,229.05,117.75,2624.45,83,462.4,2372.3,2337.7,1096,915.65,438.35,989.15,418,233.25,1170.6,3293,1130.9,2137.05,2664.7,684.55,1476.75,6128.65,808.25,314.4,975.15,459.6,238.7,767.05,2289.15,17950.45,99.85,271.25,3002.7,753.5,1683.7,8213.65,1310.2,12561.7,2113.15,423.2,316.95,630.35,383.5,471.6,396.05,645.85,3786.95,929.95,342.3,125.05,1008.7,1399.5,1964.85,234.25,3428.15,1637.4,108.85,635.9,1345.05,271.2,272.6,570.55,1757.2,1706.8,544.7,101.8,31470.9,1251.6,513.5,52.25,36,194.1,223,178.5,4276.25,1664.2,201.85,626.85,986.5,662.25,2449.15,1963.25,574.5,4043.5,3532.6,93.45,798.8,1294.2,1742.2,718.4,762.7,2459.05,1159.85,267.95,98.95,3489.9,3786.35,34.05,16862,799.35,3217.45,1916.35,3698.85,4353.9,2618.35,2556.55,1823.85,162.5,691.7,117.05,741.4,1071.35,22001.2,307.75,559.5,981.2,739.6,429.65,1086.95,1543.55
23-May-22,2213.4,2170.65,753.55,498.2,363.45,3716.95,218.85,135.8,3174.2,558.8,675.35,3786.15,5794,97.15,1765,231.4,690.6,685.85,51.1,338.05,14162.35,332.1,3487.05,362.5,190.65,970.05,184.3,1585.05,600.15,506.3,3897.9,330.9,4274.95,2741.3,143.3,85.1,153.2,404.15,36.65,752.55,1457.4,1245.45,1018.3,2175.95,1304,2624.7,413.15,237.5,2379.8,117,711.05,9.05,372.1,902.4,1468.4,117.7,274.5,395.55,547.55,485.4,1854.3,76.75,373.95,1644.15,618.5,941.9,171.85,531.65,7897.45,2971.4,126.2,73386.2,128.15,150.15,155.1,42184.9,225.5,108.7,2188.75,30.6,224.6,119,2606.9,73.95,460.9,2365.6,2306.05,1136.65,922.05,427.5,970.2,421.45,229.8,1022.95,3321.75,1142.9,2151.3,2616.55,695.9,1463.7,5916.3,791.25,305.65,995.65,466,237.9,763.95,2297.05,17737.7,100.05,273.5,2986.3,761.5,1700.9,8123.6,1339.95,12572.9,2081.75,412.9,313.95,626.1,378.1,474.4,404.35,651.4,3853.2,931.5,340.55,126.3,1014.7,1367.25,1941.4,233.05,3508.9,1635.15,107.55,661.85,1316.15,280.3,264.8,552.45,1815.8,1735.25,551.15,96.45,31002.95,1220.85,507.9,50.7,35.65,193.8,231.3,176.1,4279.15,1725.2,199.2,627.3,978.05,653.25,2436.35,1980.15,572.55,4147.15,3555.55,93.3,783.8,1287,1759.25,728.85,755.75,2520.1,1161.5,271,95.9,3520.4,3674.95,33.75,16994.3,787.85,3223.85,1885.8,3785.25,4412,2644.3,2543.2,1819.5,159.85,679.5,115.45,749.9,1076.5,21941.7,307.25,559.95,972.5,729.7,429.65,1065.3,1569.6
